market_product_name,selling_price,mrp,market_material,market_state,market_product_type,odop_product,odop_state,odop_district,odop_category,odop_sector,odop_gi_status,craft_score,text_similarity,state_match,material_match,match_score,confidence,match_reason,market_source,market_product_url
Handmade Bamboo & Cane Stool,1199.0,,bamboo,Uttar Pradesh,stool,Bamboo Products,Uttar Pradesh,Bareilly,Secondary,handicraft,Yes,0.5,0.444,True,True,74.44,medium,"same state, material evidence, craft keyword overlap",IndiaHandmade,https://www.indiahandmade.com/buy-handmade-bamboo-cane-stool-online.html
Handmade Cane Lawn Table with Glass Top,3250.0,3299.0,cane,,table,Cane & Bamboo Products,Meghalaya,Eastern West Khasi Hills,Secondary,handicraft,No,1.0,0.489,False,True,64.89,medium,"material evidence, craft keyword overlap",IndiaHandmade,https://www.indiahandmade.com/lawn-table.html
Rattan Cane Swing Chair | Natural Finish  Without Cousin,5999.0,6999.0,bamboo,Uttar Pradesh,swing,Tribal craft and Furniture,Uttar Pradesh,Shravasti,Primary,handicraft,No,0.0,0.31,True,True,53.1,low,"same state, material evidence",IndiaHandmade,https://www.indiahandmade.com/buy-rattan-cane-swing-chair-with-accessories-online.html
Cane Hanging Swing for Balcony,6050.0,7999.0,bamboo,Uttar Pradesh,swing,Cane & Bamboo Products,Meghalaya,Eastern West Khasi Hills,Secondary,handicraft,No,1.0,0.489,False,True,64.89,medium,"material evidence, craft keyword overlap",IndiaHandmade,https://www.indiahandmade.com/buy-cane-hanging-swing-for-balcony-online-india.html
Handcrafted Rattan Sofa Set,22550.0,36999.0,cane,Uttar Pradesh,sofa,Tribal craft and Furniture,Uttar Pradesh,Shravasti,Primary,handicraft,No,0.0,0.378,True,True,53.78,low,"same state, material evidence",IndiaHandmade,https://www.indiahandmade.com/buy-handcrafted-rattan-sofa-set-online.html
Handcrafted Lightweight Natural Pale Brown Cane Sofa Set|Brown,25999.0,32500.0,bamboo,,sofa,Cane & Bamboo Products,Meghalaya,Eastern West Khasi Hills,Secondary,handicraft,No,1.0,0.34,False,True,63.4,medium,"material evidence, craft keyword overlap",IndiaHandmade,https://www.indiahandmade.com/buy-handcrafted-lightweight-natural-pale-brown-cane-sofa-set-brown-online.html
Hand Embroidery Punjabi Jutti with Moti work,675.0,750.0,,Punjab,jutti,Plywood/ Wood Inlay Products,Punjab,Hoshiarpur,Secondary,handicraft,No,0.0,0.175,True,False,31.75,no_match,same state,IndiaHandmade,https://www.indiahandmade.com/catalog/product/view/id/7046/s/buy-handmade-punjabi-jutti-with-pearls-work-online/category/473/
Handmade Bamboo & Cane Lounge Chair|36*14*16 Inch,3550.0,3600.0,bamboo,,chair,Cane & Bamboo Handicrafts,Meghalaya,East Khasi Hills,Secondary,handicraft,No,1.0,0.348,False,True,63.48,medium,"material evidence, craft keyword overlap",IndiaHandmade,https://www.indiahandmade.com/buy-handmade-bamboo-cane-lounge-chair-36-14-16-inch-online.html
Handmade sturdy Bamboo Stool | 	30*27 cm | Brown,750.0,800.0,bamboo,Madhya Pradesh,stool,Bamboo,Madhya Pradesh,Dewas,Primary,handicraft,No,1.0,0.3,True,True,93.0,high,"same state, material evidence, craft keyword overlap",IndiaHandmade,https://www.indiahandmade.com/catalog/product/view/id/3547/s/buy-handmade-sturdy-bamboo-stool-online/category/473/
Lotus Minimalistic Necklace | Green,300.0,350.0,,,necklace,Bead Necklace,Arunachal Pradesh,Longding,Primary,handicraft,No,0.0,0.435,False,False,4.35,no_match,insufficient evidence,IndiaHandmade,https://www.indiahandmade.com/catalog/product/view/id/19549/s/buy-lotus-minimalistic-necklace-online/category/473/
Handmade Laptop Bag | Jute & Cotton,1000.0,1500.0,jute,,bag,Jute Works,Andhra Pradesh,Srikakulam,Others,handicraft,No,0.5,0.333,False,True,43.33,low,"material evidence, craft keyword overlap",IndiaHandmade,https://www.indiahandmade.com/catalog/product/view/id/19657/s/labtop-bag/category/473/
Handcrafted Wooden Serving Trolley,12500.0,19500.0,wood,Uttar Pradesh,trolley,Wooden Lacquer Ware,Uttar Pradesh,Varanasi,Tertiary,handicraft,Yes,1.0,0.585,True,True,95.85,high,"same state, material evidence, craft keyword overlap, product name similarity",IndiaHandmade,https://www.indiahandmade.com/catalog/product/view/id/17190/s/buy-handcrafted-wooden-serving-trolley-online/category/473/
SHEESHAM WOOD SIDE TABLE,17500.0,18500.0,wood,,table,Saharanpur Wood Craft,Uttar Pradesh,Saharanpur,Primary,handicraft,Yes,1.0,0.444,False,True,64.44,medium,"material evidence, craft keyword overlap",IndiaHandmade,https://www.indiahandmade.com/catalog/product/view/id/17233/s/sheesham-wood-side-table/category/473/
Handcrafted Wooden Side Stool | 12x10x12 Inches,1200.0,1500.0,wood,Uttar Pradesh,stool,Wooden Toys and Wood Art Products,Uttar Pradesh,Chitrakoot,Primary,handicraft,Yes,1.0,0.386,True,True,93.86,high,"same state, material evidence, craft keyword overlap",IndiaHandmade,https://www.indiahandmade.com/catalog/product/view/id/17234/s/buy-handcrafted-wooden-side-stool-12x10x12-inches/category/473/
Crochet Shell Dangler Earrings | Yellow,199.0,398.0,shell,,earrings,Red Sander & Wood Carvings,Andhra Pradesh,Annamayya (Rayachoty),Secondary,handicraft,No,0.0,0.462,False,False,4.62,no_match,insufficient evidence,IndiaHandmade,https://www.indiahandmade.com/catalog/product/view/id/17908/s/buy-trendy-crochet-shell-dangler-earrings-for-girls-online/category/473/
Prisha India Craft Premium Peg Measurer Jigger,340.0,680.0,metal,,other,Handicrafts,Odisha,Dhenkanal,Primary,handicraft,No,0.0,0.386,False,True,23.86,no_match,material evidence,IndiaHandmade,https://www.indiahandmade.com/catalog/product/view/id/18031/s/prisha-india-craft-premium-peg-measurer-jigger/category/473/
Terracotta Water Bottle with Floral Painting,420.0,,terracotta,,bottle,Terracotta Craft,West Bengal,Bankura,Primary,handicraft,Yes,0.5,0.467,False,True,44.67,low,"material evidence, craft keyword overlap",IndiaHandmade,https://www.indiahandmade.com/water-bottle-1.html
Handcrafted Metal Flower Planter | 50x50x50 cm,490.0,980.0,,,planter,Bell Metal (Dhokra),Chhattisgarh,Bastar,Primary,handicraft,Yes,1.0,0.367,False,False,43.67,low,craft keyword overlap,IndiaHandmade,https://www.indiahandmade.com/catalog/product/view/id/16308/s/handcrafted-metal-flower-planter-for-sale-50x50x50-cm/category/473/
Handcrafted Metal Flower Planter | 50x50x50 cm,490.0,980.0,,,planter,Bell Metal (Dhokra),Chhattisgarh,Bastar,Primary,handicraft,Yes,1.0,0.367,False,False,43.67,low,craft keyword overlap,IndiaHandmade,https://www.indiahandmade.com/catalog/product/view/id/16310/s/order-handcrafted-metal-flower-planter-50x50x50-cm/category/473/
Bottle cover-Onesize-Mustard,220.0,,cotton,,bottle,Costume of Thakurji,Uttar Pradesh,Mathura,Secondary,handicraft,No,0.0,0.298,False,True,22.98,no_match,material evidence,IndiaHandmade,https://www.indiahandmade.com/catalog/product/view/id/16594/s/bottle-cover-onesize-mustard/category/473/
Bottle cover-Onesize-Maroon,220.0,,cotton,,bottle,Costume of Thakurji,Uttar Pradesh,Mathura,Secondary,handicraft,No,0.0,0.304,False,True,23.04,no_match,material evidence,IndiaHandmade,https://www.indiahandmade.com/catalog/product/view/id/16595/s/bottle-cover-onesize-maroon/category/473/
Handcrafted Block Printed Cotton Bottle Bag | Reusable | Rust,220.0,,cotton,,bottle,Gorakhpur Terracotta,Uttar Pradesh,Gorakhpur,Primary,handicraft,Yes,0.5,0.308,False,True,43.08,low,"material evidence, craft keyword overlap",IndiaHandmade,https://www.indiahandmade.com/catalog/product/view/id/16600/s/del49234798/category/473/
Handcrafted Block Printed Cotton Bottle Bag | Reusable | Maroon,220.0,,cotton,,bottle,Gorakhpur Terracotta,Uttar Pradesh,Gorakhpur,Primary,handicraft,Yes,0.5,0.299,False,True,42.99,low,"material evidence, craft keyword overlap",IndiaHandmade,https://www.indiahandmade.com/catalog/product/view/id/16606/s/handcrafted-block-printed-bottle-bag-eco-friendly-reusable-wine-tote-perfect-for-gifting-and-storage-maroon-onesize/category/473/
Jute Applique Handwork Bag,349.0,499.0,jute,Uttar Pradesh,bag,Ghazipur Wall Hangings,Uttar Pradesh,Ghazipur,Primary,handicraft,Yes,1.0,0.375,True,True,93.75,high,"same state, material evidence, craft keyword overlap",IndiaHandmade,https://www.indiahandmade.com/catalog/product/view/id/16858/s/stylish-eco-friendly-jute-applique-handwork-bag-for-women/category/473/
Jute Applique Handwork Bag,349.0,499.0,jute,Uttar Pradesh,bag,Ghazipur Wall Hangings,Uttar Pradesh,Ghazipur,Primary,handicraft,Yes,1.0,0.375,True,True,93.75,high,"same state, material evidence, craft keyword overlap",IndiaHandmade,https://www.indiahandmade.com/buy-jute-applique-handwork-bag-online-india.html
Eco Friendly Jute Handicraft Bag | Multicolor,499.0,699.0,jute,Uttar Pradesh,bag,Ghazipur Wall Hangings,Uttar Pradesh,Ghazipur,Primary,handicraft,Yes,1.0,0.148,True,True,91.48,high,"same state, material evidence, craft keyword overlap",IndiaHandmade,https://www.indiahandmade.com/catalog/product/view/id/16861/s/shop-eco-friendly-jute-handicraft-bag-online-india/category/473/
Handmade Bamboo Chair,2500.0,3500.0,bamboo,Assam,chair,Cane & Bamboo Furniture & Decorative Items,Assam,Karimganj,Secondary,handicraft,No,1.0,0.383,True,True,93.83,high,"same state, material evidence, craft keyword overlap",IndiaHandmade,https://www.indiahandmade.com/catalog/product/view/id/18392/s/buy-handmade-bamboo-chair-online/category/473/
Silk Thread Bangles | Brown | 2*4,130.0,150.0,silk,Tamil Nadu,other,Handicraft & handloom,Tamil Nadu,Thanjavur,Secondary,handicraft,Yes,1.0,0.341,True,True,93.41,high,"same state, material evidence, craft keyword overlap",IndiaHandmade,https://www.indiahandmade.com/catalog/product/view/id/18899/s/shop-handmade-silk-thread-bangles-in-brown-online/category/473/
Trendy Silk Oxidized Peacock Jhumka Earrings | Black,350.0,698.0,silk,,earrings,Silk Carpet (Hand Knotted Carpet),Jammu and Kashmir,Srinagar,Primary,handicraft,Yes,1.0,0.272,False,True,62.72,medium,"material evidence, craft keyword overlap",IndiaHandmade,https://www.indiahandmade.com/catalog/product/view/id/18951/s/trendy-silk-oxidised-peacock-jhumka-earrings-black/category/473/
Trendy Silk Oxidised Peacock Jhumka Earrings - Purple,350.0,698.0,silk,,earrings,Silk Carpet (Hand Knotted Carpet),Jammu and Kashmir,Srinagar,Primary,handicraft,Yes,1.0,0.268,False,True,62.68,medium,"material evidence, craft keyword overlap",IndiaHandmade,https://www.indiahandmade.com/catalog/product/view/id/18958/s/trendy-silk-oxidised-peacock-jhumka-earrings-purple/category/473/
Silk Thread Bangles | 2*6 | Turquoise,300.0,360.0,silk,,other,Silk Carpet (Hand Knotted Carpet),Jammu and Kashmir,Srinagar,Primary,handicraft,Yes,1.0,0.406,False,True,64.06,medium,"material evidence, craft keyword overlap",IndiaHandmade,https://www.indiahandmade.com/catalog/product/view/id/18972/s/buy-handmade-silk-thread-bangles-in-turquoise-online/category/473/
Handcrafted Silk Thread Bangles | Turquoise,300.0,360.0,silk,,other,Silk Carpet (Hand Knotted Carpet),Jammu and Kashmir,Srinagar,Primary,handicraft,Yes,1.0,0.433,False,True,64.33,medium,"material evidence, craft keyword overlap",IndiaHandmade,https://www.indiahandmade.com/catalog/product/view/id/18973/s/buy-handcrafted-silk-thread-bangles-in-turquoise-blue-online/category/473/
Gold Tone String Wire | Pink Lotus Pendants,299.0,350.0,stone,,other,Allagadda Stone Carving,Andhra Pradesh,Nandyal,Tertiary,handicraft,Yes,0.0,0.375,False,True,23.75,no_match,material evidence,IndiaHandmade,https://www.indiahandmade.com/catalog/product/view/id/19218/s/in-nl-lotus-03/category/473/
Gold Toned String Wire Necklace with Small Elephant Metal Pendants,149.0,200.0,metal,,necklace,Bell Metal (Dhokra),Chhattisgarh,Bastar,Primary,handicraft,Yes,1.0,0.289,False,True,62.89,medium,"material evidence, craft keyword overlap",IndiaHandmade,https://www.indiahandmade.com/catalog/product/view/id/19219/s/in-nl-elephant-001/category/473/
Handcrafted Wooden Dog Bed,3350.0,3500.0,bamboo,Uttar Pradesh,other,Flute and Wooden Products,Uttar Pradesh,Pilibhit,Primary,handicraft,Yes,1.0,0.4,True,True,94.0,high,"same state, material evidence, craft keyword overlap",IndiaHandmade,https://www.indiahandmade.com/buy-handmade-pet-dog-cat-bed-online.html
Natural Rattan Cane 3 Seater Sofa Set and 2 Single Seater Chair with Cushions (Brown),27500.0,29000.0,cane,,sofa,Cane & Bamboo Handicrafts,Meghalaya,East Khasi Hills,Secondary,handicraft,No,0.5,0.327,False,True,43.27,low,"material evidence, craft keyword overlap",IndiaHandmade,https://www.indiahandmade.com/natural-rattan-cane-3-seater-sofa-set-and-2-single-seater-chair-with-cushions-brown.html
Modern Cane Sofa Set,22500.0,26999.0,bamboo,Uttar Pradesh,sofa,Cane & Bamboo Products,Meghalaya,Eastern West Khasi Hills,Secondary,handicraft,No,1.0,0.387,False,True,63.87,medium,"material evidence, craft keyword overlap",IndiaHandmade,https://www.indiahandmade.com/modern-cane-sofa-set-sofa-set-made-of-cane.html
Bamboo & Cane Lehar Sofa Set with Table,22599.0,26999.0,bamboo,,sofa,Cane & Bamboo Handicrafts,Meghalaya,East Khasi Hills,Secondary,handicraft,No,1.0,0.406,False,True,64.06,medium,"material evidence, craft keyword overlap",IndiaHandmade,https://www.indiahandmade.com/buy-bamboo-cane-lehar-sofa-set-with-table-online.html
Bamboo Cane Planter for Balcony Indoor and Outdoor | 3 in 1 Stand,3699.0,4599.0,bamboo,,planter,Cane & Bamboo Furniture & Decorative Items,Assam,Karimganj,Secondary,handicraft,No,1.0,0.327,False,True,63.27,medium,"material evidence, craft keyword overlap",IndiaHandmade,https://www.indiahandmade.com/dastkar-crafts-bamboo-cane-planter-3-in-1-stand-for-balcony-indoor-and-outdoor.html
Handicrafts ladies Bag- Regular Use Multicolored,1650.0,,,,bag,Handicrafts - Tribal,Manipur,Churachandpur,Primary,handicraft,No,0.0,0.492,False,False,4.92,no_match,insufficient evidence,IndiaHandmade,https://www.indiahandmade.com/catalog/product/view/id/7080/s/handicrafts-ladies-bag-regular-use-multicolored/category/473/
Ladies Gym Bag | Blue,8300.0,,,,bag,Lac Bangles,Bihar,Supaul,Primary,handicraft,No,0.0,0.533,False,False,5.33,no_match,product name similarity,IndiaHandmade,https://www.indiahandmade.com/ladies-gym-bag.html
Ghada Flower Pot | Medium,650.0,700.0,terracotta,Karnataka,other,Gems and Jewellery,Karnataka,Udupi,Secondary,handicraft,No,0.0,0.341,True,False,33.41,no_match,same state,IndiaHandmade,https://www.indiahandmade.com/catalog/product/view/id/8196/s/buy-ghada-shaped-black-flower-pot-vase-online/category/473/
Cane & Bamboo Tray Table,2500.0,2550.0,bamboo,Uttar Pradesh,tray,Flute and Wooden Products,Uttar Pradesh,Pilibhit,Primary,handicraft,Yes,0.5,0.429,True,True,74.29,medium,"same state, material evidence, craft keyword overlap",IndiaHandmade,https://www.indiahandmade.com/cane-and-bamboo-tray-table.html
Silk Thread Bangles | Golden | 2*4,215.0,220.0,silk,Tamil Nadu,other,Handicraft & handloom,Tamil Nadu,Thanjavur,Secondary,handicraft,Yes,1.0,0.333,True,True,93.33,high,"same state, material evidence, craft keyword overlap",IndiaHandmade,https://www.indiahandmade.com/catalog/product/view/id/18314/s/buy-handmade-elegant-silk-thread-bangles-in-brown-online/category/473/
Handcrafted Terracotta Pots Decorated with Madhubani Art,1999.0,,terracotta,,other,Terracotta Craft,West Bengal,Bankura,Primary,handicraft,Yes,0.5,0.5,False,True,45.0,low,"material evidence, craft keyword overlap, product name similarity",IndiaHandmade,https://www.indiahandmade.com/catalog/product/view/id/3158/s/buy-handcrafted-terracotta-pots-decorated-with-madhubani-art-online/category/473/
Handcrafted Copper Hammered Dinner Thali Set for 2,5000.0,10000.0,copper,,other,Copper based Products,Uttarakhand,Bageshwar,Primary,handicraft,No,1.0,0.435,False,True,64.35,medium,"material evidence, craft keyword overlap",IndiaHandmade,https://www.indiahandmade.com/catalog/product/view/id/15550/s/order-handcrafted-copper-hammered-dinner-thali-set-for-2/category/473/
Handcrafted Lippan Art Wall Hanging | Mud Work,799.0,,clay,Gujarat,wall hanging,Gamthi Block print,Gujarat,Ahmedabad,Others,handicraft,No,0.0,0.222,True,True,52.22,low,"same state, material evidence",IndiaHandmade,https://www.indiahandmade.com/catalog/product/view/id/16384/s/buy-handcrafted-lippan-art-work-wall-hanging-online/category/473/
Handwoven Cane Chair,4500.0,7999.0,bamboo,Uttar Pradesh,chair,Cane & Bamboo Handicrafts,Meghalaya,East Khasi Hills,Secondary,handicraft,No,1.0,0.383,False,True,63.83,medium,"material evidence, craft keyword overlap",IndiaHandmade,https://www.indiahandmade.com/buy-handwoven-cane-chair-online.html
Silk Thread Bangle - SB0001 - 2 6,300.0,320.0,silk,,other,Silk Carpet (Hand Knotted Carpet),Jammu and Kashmir,Srinagar,Primary,handicraft,Yes,1.0,0.4,False,True,64.0,medium,"material evidence, craft keyword overlap",IndiaHandmade,https://www.indiahandmade.com/catalog/product/view/id/18349/s/silk-thread-bangle-sb0001-2-6/category/473/
Silk Thread Bangles | Pure White | 2*8,130.0,150.0,silk,Tamil Nadu,other,Handicraft & handloom,Tamil Nadu,Thanjavur,Secondary,handicraft,Yes,1.0,0.261,True,True,92.61,high,"same state, material evidence, craft keyword overlap",IndiaHandmade,https://www.indiahandmade.com/catalog/product/view/id/18891/s/shop-handcrafted-pure-white-silk-thread-bangles-online/category/473/
Silk Thread Bangles | Brown | 2*6,130.0,150.0,silk,Tamil Nadu,other,Handicraft & handloom,Tamil Nadu,Thanjavur,Secondary,handicraft,Yes,1.0,0.341,True,True,93.41,high,"same state, material evidence, craft keyword overlap",IndiaHandmade,https://www.indiahandmade.com/catalog/product/view/id/18901/s/buy-silk-thread-bangles-piar-in-brown-online/category/473/
Prisha India Craft Pure Copper Jug Capacity 1300 ML with 4 Pure Copper Glass,4000.0,6600.0,copper,,other,Copper based Products,Uttarakhand,Bageshwar,Primary,handicraft,No,1.0,0.205,False,True,62.05,medium,"material evidence, craft keyword overlap",IndiaHandmade,https://www.indiahandmade.com/catalog/product/view/id/18940/s/prisha-india-craft-pure-copper-jug-capacity-1300-ml-with-4-pure-copper-glass/category/473/
Silk Oxidised Peacock Jhumka Earrings | Blue,349.0,698.0,silk,,earrings,Silk Carpet (Hand Knotted Carpet),Jammu and Kashmir,Srinagar,Primary,handicraft,Yes,1.0,0.301,False,True,63.01,medium,"material evidence, craft keyword overlap",IndiaHandmade,https://www.indiahandmade.com/catalog/product/view/id/18952/s/buy-silk-oxidised-peacock-jhumka-earrings-in-blue/category/473/
Trendy Silk Oxidised Peacock Jhumka Earrings - Brown,349.0,698.0,silk,,earrings,Silk Carpet (Hand Knotted Carpet),Jammu and Kashmir,Srinagar,Primary,handicraft,Yes,1.0,0.272,False,True,62.72,medium,"material evidence, craft keyword overlap",IndiaHandmade,https://www.indiahandmade.com/catalog/product/view/id/18953/s/trendy-silk-oxidised-peacock-jhumka-earrings-brown/category/473/
Trendy Silk Oxidized Peacock Jhumka Earrings | Pink,699.0,1299.0,silk,,earrings,Silk Carpet (Hand Knotted Carpet),Jammu and Kashmir,Srinagar,Primary,handicraft,Yes,1.0,0.275,False,True,62.75,medium,"material evidence, craft keyword overlap",IndiaHandmade,https://www.indiahandmade.com/catalog/product/view/id/18957/s/trendy-silk-oxidised-peacock-jhumka-earrings-pink/category/473/
Trendy Silk Oxidised Peacock Jhumka Earrings - White,349.0,698.0,silk,,earrings,Silk Carpet (Hand Knotted Carpet),Jammu and Kashmir,Srinagar,Primary,handicraft,Yes,1.0,0.296,False,True,62.96,medium,"material evidence, craft keyword overlap",IndiaHandmade,https://www.indiahandmade.com/catalog/product/view/id/18960/s/trendy-silk-oxidised-peacock-jhumka-earrings-white/category/473/
Silk Thread Bangles | Magenta Pink & Blue | 2*6,1200.0,1500.0,silk,,other,Silk Carpet (Hand Knotted Carpet),Jammu and Kashmir,Srinagar,Primary,handicraft,Yes,1.0,0.342,False,True,63.42,medium,"material evidence, craft keyword overlap",IndiaHandmade,https://www.indiahandmade.com/catalog/product/view/id/18976/s/silk-thread-bangles-mb005-2-6/category/473/
Gold Tone String Wire | Turquoise Lotus Pendants,399.0,450.0,,,other,Allagadda Stone Carving,Andhra Pradesh,Nandyal,Tertiary,handicraft,Yes,0.0,0.348,False,False,3.48,no_match,insufficient evidence,IndiaHandmade,https://www.indiahandmade.com/catalog/product/view/id/19213/s/in-nl-lotus-01/category/473/
Gold Tone String Wire | Flower Zircon Pendants,450.0,550.0,,,other,"Applique Work along with Patch Work,Zari Patch work, and Mentha",Uttar Pradesh,Rampur,Primary,handicraft,Yes,0.0,0.374,False,False,3.74,no_match,insufficient evidence,IndiaHandmade,https://www.indiahandmade.com/catalog/product/view/id/19215/s/in-nl-stone-02/category/473/
IN NL Butterfly 001,149.0,200.0,metal,,other,Pink Enamel (Gulaabi Minakari),Uttar Pradesh,Varanasi,Secondary,handicraft,Yes,0.0,0.34,False,True,23.4,no_match,material evidence,IndiaHandmade,https://www.indiahandmade.com/catalog/product/view/id/19220/s/in-nl-butterfly-001/category/473/
Embroidery and Mirror Work Cushion Cover | Green,500.0,,silk,Gujarat,other,Zari and Zardosi,Gujarat,Surat,Secondary,handicraft,Yes,1.0,0.281,True,False,72.81,medium,"same state, craft keyword overlap",IndiaHandmade,https://www.indiahandmade.com/catalog/product/view/id/16341/s/buy-handcrafted-mirror-work-cushion-cover-online/category/473/
Handcrafted Block Printed Bottle Bag  Eco Friendly Reusable Wine Tote Perfect for Gifting and Storage,220.0,,cotton,,bottle,Gamthi Block print,Gujarat,Ahmedabad,Others,handicraft,No,1.0,0.208,False,False,42.08,low,craft keyword overlap,IndiaHandmade,https://www.indiahandmade.com/catalog/product/view/id/16604/s/handcrafted-block-printed-bottle-bag-online/category/473/
Handcrafted Block Printed Cotton Bottle Bag | Reusable | Yellow,220.0,,cotton,,bottle,Gorakhpur Terracotta,Uttar Pradesh,Gorakhpur,Primary,handicraft,Yes,0.5,0.299,False,True,42.99,low,"material evidence, craft keyword overlap",IndiaHandmade,https://www.indiahandmade.com/catalog/product/view/id/16608/s/handcrafted-block-printed-bottle-bag-eco-friendly-reusable-wine-tote-perfect-for-gifting-and-storage-yellow-onesize/category/473/
Eco-Friendly Jute Carry Bag,449.0,649.0,jute,Uttar Pradesh,bag,Ghazipur Wall Hangings,Uttar Pradesh,Ghazipur,Primary,handicraft,Yes,1.0,0.163,True,True,91.63,high,"same state, material evidence, craft keyword overlap",IndiaHandmade,https://www.indiahandmade.com/catalog/product/view/id/16860/s/shop-eco-friendly-jute-carry-bag-online-india/category/473/
Photo Frame Elephant 01,1499.0,1599.0,,,other,Pithora Painting,Gujarat,Chhota Udaipur,Secondary,handicraft,Yes,0.0,0.513,False,False,5.13,no_match,product name similarity,IndiaHandmade,https://www.indiahandmade.com/catalog/product/view/id/17094/s/photo-frame-elephant01/category/473/
Handcrafted Wooden Kettle-Shaped Coaster Set,450.0,550.0,wood,Uttar Pradesh,other,Wooden Toys and Wood Art Products,Uttar Pradesh,Chitrakoot,Primary,handicraft,Yes,1.0,0.577,True,True,95.77,high,"same state, material evidence, craft keyword overlap, product name similarity",IndiaHandmade,https://www.indiahandmade.com/catalog/product/view/id/17210/s/buy-handcrafted-wooden-kettle-shaped-coaster-set-online/category/473/
Handmade Wooden Musical Flute,300.0,499.0,bamboo,,other,Flute and Wooden Products,Uttar Pradesh,Pilibhit,Primary,handicraft,Yes,1.0,0.333,False,True,63.33,medium,"material evidence, craft keyword overlap",IndiaHandmade,https://www.indiahandmade.com/catalog/product/view/id/17409/s/buy-handmade-wooden-musical-flute-online/category/473/
Prisha India Craft Copper Water Bottle with Vacuum Insulation,950.0,1850.0,copper,,bottle,Copper based Products,Uttarakhand,Bageshwar,Primary,handicraft,No,1.0,0.247,False,True,62.47,medium,"material evidence, craft keyword overlap",IndiaHandmade,https://www.indiahandmade.com/catalog/product/view/id/18052/s/prisha-india-craft-copper-water-bottle-with-vacuum-insulation20/category/473/
"Gi Craft Leather Lion Figurine | 12""",650.0,800.0,leather,,other,Leather Puppets,Andhra Pradesh,Palnadu (Narasaraopeta),Tertiary,handicraft,Yes,1.0,0.417,False,True,64.17,medium,"material evidence, craft keyword overlap",IndiaHandmade,https://www.indiahandmade.com/catalog/product/view/id/15134/s/lions/category/473/
Leather Tiger Home Decor Piece,2200.0,2500.0,leather,,other,Leather goods,West Bengal,Kolkata,Primary,handicraft,No,1.0,0.512,False,True,65.12,medium,"material evidence, craft keyword overlap, product name similarity",IndiaHandmade,https://www.indiahandmade.com/catalog/product/view/id/15135/s/tiger/category/473/
Handmade Lotus Pendant Necklace | Yellow,300.0,350.0,metal,Tamil Nadu,necklace,Silver Jewellery,Tamil Nadu,Salem,Primary,handicraft,No,0.0,0.267,True,False,32.67,no_match,same state,IndiaHandmade,https://www.indiahandmade.com/catalog/product/view/id/19550/s/buy-handmade-lotus-pendant-necklace-in-yellow-online/category/473/
Hand-Painted Jute Tote | Eco-Friendly,700.0,2000.0,jute,,other,Jute diversified products,West Bengal,North 24 Parganas,Secondary,handicraft,No,1.0,0.392,False,True,63.92,medium,"material evidence, craft keyword overlap",IndiaHandmade,https://www.indiahandmade.com/catalog/product/view/id/19706/s/jute-bag-hand-painted-eco-friendly-tote-featuring-traditional-vibrant-art-of-nature-and-mythology27/category/473/
Handcrafted Jute Purse| Beige,1499.0,,jute,,other,Jute Works,Andhra Pradesh,Srikakulam,Others,handicraft,No,1.0,0.538,False,True,65.38,medium,"material evidence, craft keyword overlap, product name similarity",IndiaHandmade,https://www.indiahandmade.com/handcrafted-jute-purse-beige.html
Dastkar Crafts Home Berrien Outdoor Wicker Chairs,4999.0,6999.0,bamboo,Uttar Pradesh,chair,Tribal craft and Furniture,Uttar Pradesh,Shravasti,Primary,handicraft,No,0.0,0.24,True,True,52.4,low,"same state, material evidence",IndiaHandmade,https://www.indiahandmade.com/dastkar-crafts-home-berrien-outdoor-wicker-chairs.html
Rattan Cane Swing Chair with Cushion,7500.0,8999.0,bamboo,Uttar Pradesh,swing,Tribal craft and Furniture,Uttar Pradesh,Shravasti,Primary,handicraft,No,0.0,0.323,True,True,53.23,low,"same state, material evidence",IndiaHandmade,https://www.indiahandmade.com/shop-rattan-cane-swing-chair-with-cushion-online.html
Handmade Cane Rattan Magazine Shelf,2500.0,3299.0,cane,,other,Cane & Bamboo Products,Meghalaya,Eastern West Khasi Hills,Secondary,handicraft,No,0.5,0.439,False,True,44.39,low,"material evidence, craft keyword overlap",IndiaHandmade,https://www.indiahandmade.com/cane-wall-shelf-magzine-room-decor-shelf-cane-home-office-s-decoration-and-book-shelves-wooden-bamboo-cane-plant-contaier-shalf.html
Cane Sofa Set with Table,24500.0,26999.0,bamboo,Uttar Pradesh,sofa,Cane & Bamboo Furniture & Decorative Items,Assam,Karimganj,Secondary,handicraft,No,1.0,0.436,False,True,64.36,medium,"material evidence, craft keyword overlap",IndiaHandmade,https://www.indiahandmade.com/buy-cane-sofa-set-with-table-online.html
Pure Handmade Wooden Sofa Set,34500.0,35999.0,wood,,sofa,Furniture - Wooden,Madhya Pradesh,Chhatarpur,Primary,handicraft,No,1.0,0.625,False,True,66.25,medium,"material evidence, craft keyword overlap, product name similarity",IndiaHandmade,https://www.indiahandmade.com/3-seater-sofa-set-with-cushion-and-2-side-tables.html
Bamboo Cane Sofa with Round Cushion for Home & Office | Outdoor Indoor Furniture,28599.0,35999.0,bamboo,,sofa,Cane & Bamboo Furniture & Decorative Items,Assam,Karimganj,Secondary,handicraft,No,1.0,0.278,False,True,62.78,medium,"material evidence, craft keyword overlap",IndiaHandmade,https://www.indiahandmade.com/handmade-wooden-bamboo-furniture-bamboo-cane-furniture/office-use-items/sofas-couches/dastkar-crafts-cane-sofa-with-red-round-cushion-bamboo-cane-sofa-cane-bent-sofa-set-furniture-for-home-sofa-for-outdoor-indoor-balcony-garden-chair-cane-sofa-set-furnitu
Cane & Bamboo Recliner Chair,4550.0,6999.0,bamboo,Uttar Pradesh,chair,Flute and Wooden Products,Uttar Pradesh,Pilibhit,Primary,handicraft,Yes,0.5,0.435,True,True,74.35,medium,"same state, material evidence, craft keyword overlap",IndiaHandmade,https://www.indiahandmade.com/buy-cane-bamboo-recliner-chair-online.html
JUTE AIPAN GIFT BAG,180.0,294.0,jute,,bag,Jute diversified products,West Bengal,North 24 Parganas,Secondary,handicraft,No,1.0,0.457,False,True,64.57,medium,"material evidence, craft keyword overlap",IndiaHandmade,https://www.indiahandmade.com/catalog/product/view/id/10562/s/jute-aipan-gift-bag/category/473/
Stainless Steel Copperware Dinner Thali Set for 2,5000.0,10000.0,copper,,other,Copper based Products,Uttarakhand,Bageshwar,Primary,handicraft,No,0.0,0.316,False,True,23.16,no_match,material evidence,IndiaHandmade,https://www.indiahandmade.com/catalog/product/view/id/15548/s/buy-stainless-steel-copperware-dinner-thali-set-for-2/category/473/
Handcrafted Fish-Scale Pink Earrings,50.0,55.0,,West Bengal,earrings,Sital pati & its products,West Bengal,Cooch Behar,Primary,handicraft,No,0.0,0.476,True,False,34.76,no_match,same state,IndiaHandmade,https://www.indiahandmade.com/buy-handcrafted-fish-scale-pink-earrings-online.html
Silk Thread Bangles | Dual Colour | 2*6,620.0,700.0,silk,,other,Silk Carpet (Hand Knotted Carpet),Jammu and Kashmir,Srinagar,Primary,handicraft,Yes,1.0,0.485,False,True,64.85,medium,"material evidence, craft keyword overlap",IndiaHandmade,https://www.indiahandmade.com/catalog/product/view/id/18345/s/buy-handmade-silk-thread-bangles-in-pastel-hues-online/category/473/
Silk Thread Bangle CBS001 2 6,240.0,270.0,silk,,other,Silk Carpet (Hand Knotted Carpet),Jammu and Kashmir,Srinagar,Primary,handicraft,Yes,1.0,0.467,False,True,64.67,medium,"material evidence, craft keyword overlap",IndiaHandmade,https://www.indiahandmade.com/catalog/product/view/id/18851/s/silk-thread-bangle-cbs001-2-6/category/473/
Handcrafted Silk Thread Bangles | Set of 2 | Gold,240.0,270.0,silk,,other,Silk Carpet (Hand Knotted Carpet),Jammu and Kashmir,Srinagar,Primary,handicraft,Yes,1.0,0.4,False,True,64.0,medium,"material evidence, craft keyword overlap",IndiaHandmade,https://www.indiahandmade.com/catalog/product/view/id/18852/s/buy-golden-silk-thread-bangles-with-coin-embellishments-online/category/473/
Jamnasha Exports Elegant Leaf Style Adjustable Ring Nature Inspired Jewelry for Women Perfect for Gift Shoppers Symbolizing Growth and Renewal Ideal for Both Casual and Formal Wear,500.0,999.0,,,table,"Applique Work along with Patch Work,Zari Patch work, and Mentha",Uttar Pradesh,Rampur,Primary,handicraft,Yes,0.0,0.247,False,False,2.47,no_match,insufficient evidence,IndiaHandmade,https://www.indiahandmade.com/catalog/product/view/id/18867/s/jamnasha-exports-elegant-leaf-style-adjustable-ring-nature-inspired-jewelry-for-women-perfect-for-gift-shoppers-symbolizing-growth-and-renewal-ideal-for-both-casual-and-formal-wear/category/473/
Steel/Copper Jug with 2 Tumblers | 900 ml & 250 ml,2250.0,4000.0,copper,,other,Copper based Products,Uttarakhand,Bageshwar,Primary,handicraft,No,1.0,0.323,False,True,63.23,medium,"material evidence, craft keyword overlap",IndiaHandmade,https://www.indiahandmade.com/catalog/product/view/id/18949/s/buy-steel-copper-jug-with-2-tumblers-900-ml-250-ml/category/473/
Silk Thread Bangles | Lavender | 2*2,220.0,300.0,silk,Tamil Nadu,other,Handicraft & handloom,Tamil Nadu,Thanjavur,Secondary,handicraft,Yes,1.0,0.273,True,True,92.73,high,"same state, material evidence, craft keyword overlap",IndiaHandmade,https://www.indiahandmade.com/catalog/product/view/id/18966/s/buy-lavender-silk-thread-bangles-online/category/473/
Silk Thread Bangles | Fluorescent | 2*8,1200.0,1500.0,silk,Tamil Nadu,other,Handicraft & handloom,Tamil Nadu,Thanjavur,Secondary,handicraft,Yes,1.0,0.298,True,True,92.98,high,"same state, material evidence, craft keyword overlap",IndiaHandmade,https://www.indiahandmade.com/catalog/product/view/id/18977/s/buy-silk-thread-bangles-in-fluorescent-pink-for-ethnic-wear-online/category/473/
Gold Tone String Wire | Pink Flower Stone Pendants,220.0,280.0,stone,,other,Handicrafts- Stone & Marble,Uttar Pradesh,Agra,Secondary,handicraft,No,1.0,0.342,False,True,63.42,medium,"material evidence, craft keyword overlap",IndiaHandmade,https://www.indiahandmade.com/catalog/product/view/id/19214/s/in-nl-stone-01/category/473/
Ginni & Threadwork Black Silk Thread Earrings,450.0,800.0,silk,,earrings,Silk Carpet (Hand Knotted Carpet),Jammu and Kashmir,Srinagar,Primary,handicraft,Yes,1.0,0.333,False,True,63.33,medium,"material evidence, craft keyword overlap",IndiaHandmade,https://www.indiahandmade.com/buy-ginni-threadwork-black-fabric-earrings.html
Handmade Kolhapuri Chappal for Women,579.0,1099.0,leather,Rajasthan,other,Wooden Furniture Products,Rajasthan,Jodhpur,Primary,handicraft,No,0.0,0.279,True,False,32.79,no_match,same state,IndiaHandmade,https://www.indiahandmade.com/buy-handmade-kolhapuri-chappals-online.html
Handcrafted Copper Dinner Thali Set for 2,5000.0,10000.0,copper,,other,Copper based Products,Uttarakhand,Bageshwar,Primary,handicraft,No,1.0,0.432,False,True,64.32,medium,"material evidence, craft keyword overlap",IndiaHandmade,https://www.indiahandmade.com/catalog/product/view/id/15546/s/buy-handcrafted-copper-dinner-thali-set-for-2/category/473/
Handcrafted Pure Copper Thali Set for 2,5000.0,10000.0,copper,,other,Copper based Products,Uttarakhand,Bageshwar,Primary,handicraft,No,1.0,0.457,False,True,64.57,medium,"material evidence, craft keyword overlap",IndiaHandmade,https://www.indiahandmade.com/catalog/product/view/id/15549/s/buy-handcrafted-pure-copper-thali-set-for-2/category/473/
Handcrafted Wooden Side Tables | Set of 2,4300.0,5900.0,wood,Uttar Pradesh,table,Wooden Lacquer Ware,Uttar Pradesh,Varanasi,Tertiary,handicraft,Yes,1.0,0.524,True,True,95.24,high,"same state, material evidence, craft keyword overlap, product name similarity",IndiaHandmade,https://www.indiahandmade.com/catalog/product/view/id/17235/s/shop-handcrafted-wooden-side-tables-online/category/473/
Copper Plating Dry Fruit Container,1250.0,2500.0,copper,Haryana,other,Copper based Products,Uttarakhand,Bageshwar,Primary,handicraft,No,1.0,0.391,False,True,63.91,medium,"material evidence, craft keyword overlap",IndiaHandmade,https://www.indiahandmade.com/catalog/product/view/id/18028/s/buy-handmade-copper-dry-fruit-container-set-online/category/473/
Cane Sofa Set | Set of 4,35000.0,40000.0,cane,,sofa,Cane & Bamboo Products,Meghalaya,Eastern West Khasi Hills,Secondary,handicraft,No,1.0,0.483,False,True,64.83,medium,"material evidence, craft keyword overlap",IndiaHandmade,https://www.indiahandmade.com/catalog/product/view/id/19667/s/cane-sofa-set22/category/473/
Handcrafted Block Printed Bottle Bag  Eco Friendly Reusable Wine Tote Perfect for Gifting and Storage-Pink-Onesize,220.0,,cotton,,bottle,Gamthi Block print,Gujarat,Ahmedabad,Others,handicraft,No,1.0,0.185,False,False,41.85,low,craft keyword overlap,IndiaHandmade,https://www.indiahandmade.com/catalog/product/view/id/16607/s/handcrafted-block-printed-bottle-bag-eco-friendly-reusable-wine-tote-perfect-for-gifting-and-storage-pink-onesize/category/473/
Handcrafted Embroidered Sling Bag | Cotton Design | 22.86X15.24X22.86 cm,299.0,399.0,cotton,,bag,Hand Embroidery,Bihar,Buxar,Tertiary,handicraft,No,1.0,0.281,False,True,62.81,medium,"material evidence, craft keyword overlap",IndiaHandmade,https://www.indiahandmade.com/catalog/product/view/id/16953/s/handcrafted-embroidered-sling-bag-traditional-woolen-cotton-design/category/473/
Handcrafted Jute Bottle Bag | 1 Litre Capacity,280.0,350.0,jute,Bihar,bottle,Manjusha Painting,Bihar,Bhagalpur,Secondary,handicraft,Yes,1.0,0.286,True,True,92.86,high,"same state, material evidence, craft keyword overlap",IndiaHandmade,https://www.indiahandmade.com/catalog/product/view/id/17003/s/buy-handcrafted-jute-bottle-bag-online/category/473/
Cane Rocking Chair with Cushion,5550.0,6999.0,bamboo,Uttar Pradesh,chair,Cane & Bamboo Handicrafts,Meghalaya,East Khasi Hills,Secondary,handicraft,No,1.0,0.448,False,True,64.48,medium,"material evidence, craft keyword overlap",IndiaHandmade,https://www.indiahandmade.com/buy-cane-rocking-chair-with-cushion-online.html
Bamboo & Cane Sofa Set with Table and Cushions,31500.0,32000.0,bamboo,Uttar Pradesh,sofa,Flute and Wooden Products,Uttar Pradesh,Pilibhit,Primary,handicraft,Yes,0.5,0.333,True,True,73.33,medium,"same state, material evidence, craft keyword overlap",IndiaHandmade,https://www.indiahandmade.com/buy-bamboo-cane-sofa-set-with-table-and-cushions-online.html
Handmade Boho Rattan Wall Shelf | 16.5 Inch | Floating Style,2599.0,3999.0,cane,,other,Manjusha Painting,Bihar,Bhagalpur,Secondary,handicraft,Yes,0.0,0.344,False,True,23.44,no_match,material evidence,IndiaHandmade,https://www.indiahandmade.com/handmade-wooden-bamboo-furniture-bamboo-cane-furniture/office-use-items/wall-shelves/dastkar-crafts-wall-shelves-rattan-shelf-16-5inch-handmade-boho-wall-decor-floating-rustic-decor-for-bathroom-nursery-bedroom-wall-mounted-natrual-rattan-and-wood-storage
Handcrafted Wooden Partition Screen,16500.0,18500.0,wood,Uttar Pradesh,other,Wooden Crafts,Uttar Pradesh,Basti,Primary,handicraft,No,1.0,0.5,True,True,95.0,high,"same state, material evidence, craft keyword overlap, product name similarity",IndiaHandmade,https://www.indiahandmade.com/catalog/product/view/id/17187/s/order-handcrafted-wooden-partition-screen-online/category/473/
Handcrafted Wooden Partition Screen,16500.0,18500.0,wood,Uttar Pradesh,other,Wooden Crafts,Uttar Pradesh,Basti,Primary,handicraft,No,1.0,0.5,True,True,95.0,high,"same state, material evidence, craft keyword overlap, product name similarity",IndiaHandmade,https://www.indiahandmade.com/catalog/product/view/id/17208/s/handcrafted-wooden-partition-screen-for-sale-online/category/473/
Handmade Wooden Partition Screen,16500.0,18500.0,wood,Uttar Pradesh,other,Wooden Crafts,Uttar Pradesh,Basti,Primary,handicraft,No,1.0,0.5,True,True,95.0,high,"same state, material evidence, craft keyword overlap, product name similarity",IndiaHandmade,https://www.indiahandmade.com/catalog/product/view/id/17214/s/buy-handmade-wooden-partition-screen-online/category/473/
Handcrafted Jute Purse for Ladies,740.0,849.0,jute,Maharashtra,other,Jute diversified products,West Bengal,North 24 Parganas,Secondary,handicraft,No,1.0,0.541,False,True,65.41,medium,"material evidence, craft keyword overlap, product name similarity",IndiaHandmade,https://www.indiahandmade.com/catalog/product/view/id/17247/s/buy-handcrafted-jute-purse-for-ladies-online/category/473/
Handcrafted Vijaysar Wooden Tumbler,499.0,699.0,wood,Tamil Nadu,other,Handicraft & handloom,Tamil Nadu,Thanjavur,Secondary,handicraft,Yes,1.0,0.286,True,True,92.86,high,"same state, material evidence, craft keyword overlap",IndiaHandmade,https://www.indiahandmade.com/catalog/product/view/id/17432/s/buy-handcrafted-vijaysar-wooden-tumbler-online/category/473/
wooden stool table coffeetable,650.0,1299.0,wood,,stool,Wooden Toys and Handicraft,Madhya Pradesh,Sehore,Primary,handicraft,No,1.0,0.489,False,True,64.89,medium,"material evidence, craft keyword overlap",IndiaHandmade,https://www.indiahandmade.com/catalog/product/view/id/17532/s/wooden-stool-table-coffeetable/category/473/
Crochet Shell Dangler Earrings | Purple,199.0,398.0,shell,,earrings,Red Sander & Wood Carvings,Andhra Pradesh,Annamayya (Rayachoty),Secondary,handicraft,No,0.0,0.462,False,False,4.62,no_match,insufficient evidence,IndiaHandmade,https://www.indiahandmade.com/catalog/product/view/id/17904/s/buy-crochet-shell-dangler-earrings-in-purple-online/category/473/
Crochet Shell Dangler Earrings | White,199.0,398.0,,,earrings,Red Sander & Wood Carvings,Andhra Pradesh,Annamayya (Rayachoty),Secondary,handicraft,No,0.0,0.469,False,False,4.69,no_match,insufficient evidence,IndiaHandmade,https://www.indiahandmade.com/catalog/product/view/id/17907/s/buy-crochet-shell-dangler-earrings-in-white-online/category/473/
Handmade Beaded Placemat | Set of 3,700.0,1400.0,,Haryana,other,"Wooden Handicraft Items (Gift item, Furniture etc.)",Haryana,Charkhi Dadri,Secondary,handicraft,No,0.0,0.321,True,False,33.21,no_match,same state,IndiaHandmade,https://www.indiahandmade.com/catalog/product/view/id/18000/s/buy-handmade-round-beaded-placemat-in-golden-online/category/473/
Handcrafted Metal Plant Pot,490.0,980.0,metal,Haryana,other,Metal Handicraft,Uttar Pradesh,Aligarh,Secondary,handicraft,No,1.0,0.5,False,True,65.0,medium,"material evidence, craft keyword overlap, product name similarity",IndiaHandmade,https://www.indiahandmade.com/catalog/product/view/id/16312/s/buy-metal-pot-for-planters-online/category/473/
Handcrafted Hammered Copper Coasters | 4 Inches | Set of 4,550.0,1100.0,copper,,other,Copper based Products,Uttarakhand,Bageshwar,Primary,handicraft,No,1.0,0.4,False,True,64.0,medium,"material evidence, craft keyword overlap",IndiaHandmade,https://www.indiahandmade.com/buy-handcrafted-hammered-copper-coasters-4-inches-set-of-4.html
Handcrafted Block Printed Bottle Bag  Eco Friendly Reusable Wine TotePerfect for Gifting and Storage,220.0,,cotton,,bottle,Gamthi Block print,Gujarat,Ahmedabad,Others,handicraft,No,1.0,0.21,False,False,42.1,low,craft keyword overlap,IndiaHandmade,https://www.indiahandmade.com/catalog/product/view/id/16596/s/handcrafted-block-printed-bottle-bag-eco-friendly-reusable-wine-toteperfect-for-gifting-and-storage/category/473/
Handcrafted Block Printed Cotton Bottle Bag | Reusable | Maroon,220.0,,cotton,,bottle,Gorakhpur Terracotta,Uttar Pradesh,Gorakhpur,Primary,handicraft,Yes,0.5,0.299,False,True,42.99,low,"material evidence, craft keyword overlap",IndiaHandmade,https://www.indiahandmade.com/catalog/product/view/id/16599/s/del77353668/category/473/
Handcrafted Block Printed Cotton Bottle Bag | Reusable | Green,220.0,,cotton,,bottle,Gorakhpur Terracotta,Uttar Pradesh,Gorakhpur,Primary,handicraft,Yes,0.5,0.303,False,True,43.03,low,"material evidence, craft keyword overlap",IndiaHandmade,https://www.indiahandmade.com/catalog/product/view/id/16602/s/del20498056/category/473/
Handcrafted Block Printed Cotton Bottle Bag | Reusable | Magenta Pink,220.0,,cotton,,bottle,Gorakhpur Terracotta,Uttar Pradesh,Gorakhpur,Primary,handicraft,Yes,0.5,0.274,False,True,42.74,low,"material evidence, craft keyword overlap",IndiaHandmade,https://www.indiahandmade.com/catalog/product/view/id/16603/s/del96542196/category/473/
Handcrafted Block Printed Cotton Bottle Bag | Reusable | Green,220.0,,cotton,,bottle,Gorakhpur Terracotta,Uttar Pradesh,Gorakhpur,Primary,handicraft,Yes,0.5,0.303,False,True,43.03,low,"material evidence, craft keyword overlap",IndiaHandmade,https://www.indiahandmade.com/catalog/product/view/id/16605/s/handcrafted-block-printed-bottle-bag-eco-friendly-reusable-wine-tote-perfect-for-gifting-and-storage-green-onesize/category/473/
Handcrafted Block Printed Bottle Bag | Reusable | Blue,220.0,,cotton,,bottle,Gamthi Block print,Gujarat,Ahmedabad,Others,handicraft,No,1.0,0.393,False,False,43.93,low,craft keyword overlap,IndiaHandmade,https://www.indiahandmade.com/catalog/product/view/id/16610/s/handcrafted-block-printed-bottle-bag-eco-friendly-reusable-wine-tote-perfect-for-gifting-and-storage-blue-onesize/category/473/
Leather Jumping Horse,450.0,500.0,leather,,other,Leather goods,West Bengal,Kolkata,Primary,handicraft,No,1.0,0.647,False,True,66.47,medium,"material evidence, craft keyword overlap, product name similarity",IndiaHandmade,https://www.indiahandmade.com/catalog/product/view/id/16844/s/leather-jumping-horse/category/473/
Handmade Crochet Floral Granny Stylish Utility Square Mobile Pouch with Sling,299.0,599.0,,,other,Etikoppaka Lacquerware/Wooden Toys,Andhra Pradesh,Anakapalli,Primary,handicraft,Yes,0.0,0.314,False,False,3.14,no_match,insufficient evidence,IndiaHandmade,https://www.indiahandmade.com/catalog/product/view/id/16978/s/stylish-utility-pouch-with-tulsi-beads-handcrafted-cotton-thread-mobile-pouch/category/473/
shyamal top earring,50.0,55.0,,,other,Stone Carving,Odisha,Jajpur,Primary,handicraft,No,0.0,0.562,False,False,5.62,no_match,product name similarity,IndiaHandmade,https://www.indiahandmade.com/shyamal-top-earring-online.html
Trendy Silk Oxidised Peacock Jhumka Earrings - Yellow,350.0,698.0,silk,,earrings,Hand Embroidery,Bihar,Buxar,Tertiary,handicraft,No,1.0,0.273,False,True,62.73,medium,"material evidence, craft keyword overlap",IndiaHandmade,https://www.indiahandmade.com/catalog/product/view/id/18963/s/trendy-silk-oxidised-peacock-jhumka-earrings-yellow/category/473/
Gold Tone String Wire | Green Lotus Pendants,249.0,300.0,stone,,other,Allagadda Stone Carving,Andhra Pradesh,Nandyal,Tertiary,handicraft,Yes,0.0,0.369,False,True,23.69,no_match,material evidence,IndiaHandmade,https://www.indiahandmade.com/catalog/product/view/id/19217/s/in-nl-lotus-02/category/473/
Gold Tone String Wire | Lilac Studded Stones,350.0,400.0,stone,,other,Agates Stone,Gujarat,Anand,Secondary,handicraft,Yes,0.0,0.37,False,True,23.7,no_match,material evidence,IndiaHandmade,https://www.indiahandmade.com/catalog/product/view/id/19221/s/in-nl-stone-03/category/473/
Twisted Chain Silver Hoop Earrings,399.0,699.0,,,earrings,Red Sander & Wood Carvings,Andhra Pradesh,Annamayya (Rayachoty),Secondary,handicraft,No,0.0,0.548,False,False,5.48,no_match,product name similarity,IndiaHandmade,https://www.indiahandmade.com/catalog/product/view/id/19284/s/twisted-chain-silver-hoop-earrings/category/473/
Enamel Lotus & Kundan Pearl Necklace,300.0,350.0,,,necklace,Shrinagar Sculpture and Kanthi Mala,Uttar Pradesh,Mathura,Tertiary,handicraft,No,0.0,0.466,False,False,4.66,no_match,insufficient evidence,IndiaHandmade,https://www.indiahandmade.com/catalog/product/view/id/19551/s/buy-enamel-lotus-kundan-pearl-necklace-online/category/473/
Dried Flowers & Leaves Bouquet,1100.0,,,,other,Red Sander & Wood Carvings,Andhra Pradesh,Annamayya (Rayachoty),Secondary,handicraft,No,0.0,0.467,False,False,4.67,no_match,insufficient evidence,IndiaHandmade,https://www.indiahandmade.com/catalog/product/view/id/14741/s/dried-flowers-and-leaves-bouquet24/category/473/
Dried Flowers and Leaves Bouquet | 12X6X16 inch,1100.0,,,,other,Red Sander & Wood Carvings,Andhra Pradesh,Annamayya (Rayachoty),Secondary,handicraft,No,0.0,0.411,False,False,4.11,no_match,insufficient evidence,IndiaHandmade,https://www.indiahandmade.com/catalog/product/view/id/14744/s/dried-flowers-and-leaves-bouquet24-multi/category/473/
DRIED FLOWERS AND LEAVES BOUQUET,1100.0,,,,other,Red Sander & Wood Carvings,Andhra Pradesh,Annamayya (Rayachoty),Secondary,handicraft,No,0.0,0.467,False,False,4.67,no_match,insufficient evidence,IndiaHandmade,https://www.indiahandmade.com/catalog/product/view/id/14749/s/dried-flowers-and-leaves-bouquet14/category/473/
Handcrafted Leather Camel Figurine | Set of 2,700.0,800.0,leather,,other,Leather goods,West Bengal,Kolkata,Primary,handicraft,No,1.0,0.5,False,True,65.0,medium,"material evidence, craft keyword overlap, product name similarity",IndiaHandmade,https://www.indiahandmade.com/handcrafted-leather-camel-figurine-set-of-2.html
Cane & Bamboo Baby Chair,1300.0,1350.0,bamboo,Uttar Pradesh,chair,Flute and Wooden Products,Uttar Pradesh,Pilibhit,Primary,handicraft,Yes,0.5,0.381,True,True,73.81,medium,"same state, material evidence, craft keyword overlap",IndiaHandmade,https://www.indiahandmade.com/buy-cane-and-bamboo-baby-chair-online.html
Rattan and Cane Retro Sofa Set/Center Table with Glass Top | Beige | 3+2 Seater,30999.0,31999.0,cane,,sofa,Cane & Bamboo Handicrafts (Mats),Meghalaya,West Khasi Hills,Secondary,handicraft,No,0.5,0.291,False,True,42.91,low,"material evidence, craft keyword overlap",IndiaHandmade,https://www.indiahandmade.com/rattan-and-cane-retro-sofa-set-center-table-with-glass-top-beige-1-three-seater-2-one-seater.html
Bamboo 4-Seater Sofa Set with Cushions,20000.0,21500.0,bamboo,,sofa,Bamboo Art,Bihar,Madhepura,Primary,handicraft,No,1.0,0.409,False,True,64.09,medium,"material evidence, craft keyword overlap",IndiaHandmade,https://www.indiahandmade.com/buy-bamboo-4-seater-sofa-set-with-cushions-online.html
Ratan Bamboo 5 Seater Sofa Pack with Cushion | Brown,22599.0,26999.0,bamboo,,sofa,Wood and Bamboo based Handicraft Items,Tripura,Sepahijala,Secondary,handicraft,No,1.0,0.39,False,True,63.9,medium,"material evidence, craft keyword overlap",IndiaHandmade,https://www.indiahandmade.com/dastkar-crafts-ratan-bamboo-5-seater-sofa-pack-with-cushion-brown.html
Cane Sofa Set with Sectional Cushions,19999.0,22599.0,bamboo,Uttar Pradesh,sofa,Cane & Bamboo Furniture & Decorative Items,Assam,Karimganj,Secondary,handicraft,No,1.0,0.324,False,True,63.24,medium,"material evidence, craft keyword overlap",IndiaHandmade,https://www.indiahandmade.com/buy-cane-sofa-set-with-sectional-cushions-online.html
Cane & Bamboo 4-Seater Dining Table Set,19999.0,25999.0,bamboo,Uttar Pradesh,table,Tribal craft and Furniture,Uttar Pradesh,Shravasti,Primary,handicraft,No,0.5,0.381,True,True,73.81,medium,"same state, material evidence, craft keyword overlap",IndiaHandmade,https://www.indiahandmade.com/buy-cane-bamboo-6-seater-dining-table-set-online.html
Bamboo Wooden Wall Hanging Flower Vases | Trapezoid 3D Shape | Pack of 3,499.0,999.0,bamboo,,wall hanging,Flute and Wooden Products,Uttar Pradesh,Pilibhit,Primary,handicraft,Yes,1.0,0.19,False,True,61.9,medium,"material evidence, craft keyword overlap",IndiaHandmade,https://www.indiahandmade.com/dastkar-crafts-bamboo-wooden-wall-hanging-flower-vases-trapezoid-3d-shape-pack-of-3.html
Handmade ladies Bag- Regular Use Yellow Coloured Light Weight,1599.0,,,,bag,Wood and Bamboo based Handicraft Items,Tripura,Sepahijala,Secondary,handicraft,No,0.0,0.359,False,False,3.59,no_match,insufficient evidence,IndiaHandmade,https://www.indiahandmade.com/catalog/product/view/id/11211/s/handmade-ladies-bag-regular-use-yellow-coloured-light-weight/category/473/
Antique Metal Hanging Tealight Holder/Lantern,200.0,400.0,metal,Haryana,other,Bell Metal (Dhokra),Chhattisgarh,Bastar,Primary,handicraft,Yes,1.0,0.387,False,True,63.87,medium,"material evidence, craft keyword overlap",IndiaHandmade,https://www.indiahandmade.com/catalog/product/view/id/16350/s/buy-antique-metal-hanging-tealight-holder-lantern-online/category/473/
Bamboo & Cane Rattan Swing Chair without Cushion and Rope,4999.0,6999.0,bamboo,Uttar Pradesh,swing,Tribal craft and Furniture,Uttar Pradesh,Shravasti,Primary,handicraft,No,0.333,0.306,True,True,66.39,medium,"same state, material evidence",IndiaHandmade,https://www.indiahandmade.com/buy-bamboo-cane-rattan-swing-chair-online.html
Handmade Terracotta Sparrow Flout,1600.0,,terracotta,,other,Terracotta Craft,West Bengal,Bankura,Primary,handicraft,Yes,1.0,0.7,False,True,67.0,medium,"material evidence, craft keyword overlap, product name similarity",IndiaHandmade,https://www.indiahandmade.com/catalog/product/view/id/11930/s/sparrow-flout/category/473/
Embroidery Hoop Art | Floral Pattern,900.0,,,,other,Hand Embroidery,Bihar,Buxar,Tertiary,handicraft,No,1.0,0.408,False,False,44.08,low,craft keyword overlap,IndiaHandmade,https://www.indiahandmade.com/catalog/product/view/id/5129/s/embroidery-hoop/category/473/
Cane & Bamboo Outdoor Jhula,2450.0,2500.0,bamboo,Uttar Pradesh,other,Flute and Wooden Products,Uttar Pradesh,Pilibhit,Primary,handicraft,Yes,0.5,0.4,True,True,74.0,medium,"same state, material evidence, craft keyword overlap",IndiaHandmade,https://www.indiahandmade.com/buy-cane-bamboo-outdoor-jhula-online.html
Handcrafted Beaded Pure Cotton Potli | White,600.0,,cotton,,other,Narspur Crochet Lace,Andhra Pradesh,West Godavari District,Others,handicraft,Yes,1.0,0.44,False,True,64.4,medium,"material evidence, craft keyword overlap",IndiaHandmade,https://www.indiahandmade.com/buy-handcrafted-beaded-pure-cotton-potli-white.html
Handcrafted Metal Flower Planter | 50x50x50 cm,490.0,980.0,,,planter,Bell Metal (Dhokra),Chhattisgarh,Bastar,Primary,handicraft,Yes,1.0,0.367,False,False,43.67,low,craft keyword overlap,IndiaHandmade,https://www.indiahandmade.com/catalog/product/view/id/16313/s/buy-handcrafted-metal-flower-planter-50x50x50-cm/category/473/
Handcrafted Block Printed Cotton Bottle Bag | Reusable | Beige,220.0,,cotton,,bottle,Gorakhpur Terracotta,Uttar Pradesh,Gorakhpur,Primary,handicraft,Yes,0.5,0.303,False,True,43.03,low,"material evidence, craft keyword overlap",IndiaHandmade,https://www.indiahandmade.com/catalog/product/view/id/16601/s/del98242326/category/473/
Handcrafted Block Printed Cotton Bottle Bag | Reusable | Rust,220.0,,cotton,,bottle,Gorakhpur Terracotta,Uttar Pradesh,Gorakhpur,Primary,handicraft,Yes,0.5,0.308,False,True,43.08,low,"material evidence, craft keyword overlap",IndiaHandmade,https://www.indiahandmade.com/catalog/product/view/id/16609/s/handcrafted-block-printed-bottle-bag-eco-friendly-reusable-wine-tote-perfect-for-gifting-and-storage-rust-onesize/category/473/
Bamboo Bottle Lite,750.0,1499.0,bamboo,,bottle,Bamboo Articles,Maharashtra,Gondia,Secondary,handicraft,No,1.0,0.606,False,True,66.06,medium,"material evidence, craft keyword overlap, product name similarity",IndiaHandmade,https://www.indiahandmade.com/catalog/product/view/id/16715/s/bamboo-bottle-lite/category/473/
Handmade Leather Trunk Up Elephant,500.0,1000.0,leather,,other,Leather Puppets,Andhra Pradesh,Palnadu (Narasaraopeta),Tertiary,handicraft,Yes,1.0,0.6,False,True,66.0,medium,"material evidence, craft keyword overlap, product name similarity",IndiaHandmade,https://www.indiahandmade.com/catalog/product/view/id/17160/s/leather-elephant-trunk-up/category/473/
Handcrafted Wooden Partition Screen,16500.0,18500.0,wood,Uttar Pradesh,other,Wooden Crafts,Uttar Pradesh,Basti,Primary,handicraft,No,1.0,0.5,True,True,95.0,high,"same state, material evidence, craft keyword overlap, product name similarity",IndiaHandmade,https://www.indiahandmade.com/catalog/product/view/id/17186/s/handcrafted-wooden-partition-screen-for-sale/category/473/
Handmade Side Stool with Wheels,1599.0,1900.0,wood,Uttar Pradesh,stool,Wooden Toys and Wood Art Products,Uttar Pradesh,Chitrakoot,Primary,handicraft,Yes,0.0,0.348,True,True,53.48,low,"same state, material evidence",IndiaHandmade,https://www.indiahandmade.com/catalog/product/view/id/17237/s/buy-handmade-side-stool-with-wheels-online/category/473/
Ashtray with cigarette keeper,549.0,999.0,,,tray,Silk Carpet (Hand Knotted Carpet),Jammu and Kashmir,Srinagar,Primary,handicraft,Yes,0.0,0.433,False,False,4.33,no_match,insufficient evidence,IndiaHandmade,https://www.indiahandmade.com/catalog/product/view/id/17536/s/ashtray-with-cigarette-keeper/category/473/
Handmade Yellow Fabric Jewellery Set,350.0,450.0,,,other,Sambalpuri Fabric Jewellery,Odisha,Sambalpur,Tertiary,handicraft,No,0.0,0.72,False,False,7.2,no_match,product name similarity,IndiaHandmade,https://www.indiahandmade.com/catalog/product/view/id/17543/s/buy-handmade-yellow-fabric-jewellery-set-online/category/473/
Hand-Painted Tribal Paintings Necklace & Earrings Set | Multi Colour,450.0,500.0,,,necklace,Handicrafts- Stone & Marble,Uttar Pradesh,Agra,Secondary,handicraft,No,0.0,0.391,False,False,3.91,no_match,insufficient evidence,IndiaHandmade,https://www.indiahandmade.com/catalog/product/view/id/17545/s/stunning-hand-painted-eco-friendly-jewelry-set-lightweight-tribal-paintings-necklace-earrings-set/category/473/
Crochet Dangler Earrings | Orange,199.0,398.0,,,earrings,Red Sander & Wood Carvings,Andhra Pradesh,Annamayya (Rayachoty),Secondary,handicraft,No,0.0,0.475,False,False,4.75,no_match,insufficient evidence,IndiaHandmade,https://www.indiahandmade.com/catalog/product/view/id/17902/s/order-crochet-shell-dangler-earrings-for-women-in-pink-online/category/473/
Beaded Napkin Rings | Set of 12,600.0,1200.0,beads,Haryana,other,"Wooden Handicraft Items (Gift item, Furniture etc.)",Haryana,Charkhi Dadri,Secondary,handicraft,No,0.0,0.295,True,False,32.95,no_match,same state,IndiaHandmade,https://www.indiahandmade.com/catalog/product/view/id/18025/s/buy-beaded-napkin-rings-for-napkin-holding-online/category/473/
Leather Giraffe for Home Decoration,700.0,800.0,leather,,other,Leather goods,West Bengal,Kolkata,Primary,handicraft,No,1.0,0.5,False,True,65.0,medium,"material evidence, craft keyword overlap, product name similarity",IndiaHandmade,https://www.indiahandmade.com/catalog/product/view/id/15136/s/zeraf/category/473/
Silk Thread Bangles | Magenta | 2*6,130.0,150.0,silk,Tamil Nadu,other,Handicraft & handloom,Tamil Nadu,Thanjavur,Secondary,handicraft,Yes,1.0,0.326,True,True,93.26,high,"same state, material evidence, craft keyword overlap",IndiaHandmade,https://www.indiahandmade.com/catalog/product/view/id/18886/s/buy-handmade-silk-thread-bangles-pair-in-magenta-pink-online/category/473/
Silk Thread Bangles | Pink | 2*8,250.0,300.0,silk,,other,Silk Carpet (Hand Knotted Carpet),Jammu and Kashmir,Srinagar,Primary,handicraft,Yes,1.0,0.407,False,True,64.07,medium,"material evidence, craft keyword overlap",IndiaHandmade,https://www.indiahandmade.com/catalog/product/view/id/18969/s/buy-handmade-silk-thread-bangles-in-fluorescent-pink-online/category/473/
IN NL Lakshmi Green 001,349.0,420.0,stone,,other,Stone carved products,Andhra Pradesh,Kurnool,Primary,handicraft,No,0.0,0.286,False,True,22.86,no_match,material evidence,IndiaHandmade,https://www.indiahandmade.com/catalog/product/view/id/19216/s/in-nl-lakshmi-green-001/category/473/
Steel & Copper Dinner Thali Set for 2,5000.0,10000.0,copper,,other,Copper based Products,Uttarakhand,Bageshwar,Primary,handicraft,No,1.0,0.34,False,True,63.4,medium,"material evidence, craft keyword overlap",IndiaHandmade,https://www.indiahandmade.com/catalog/product/view/id/15547/s/buy-steel-copper-dinner-thali-set-for-2/category/473/
