market_product_name,selling_price,mrp,market_material,market_state,market_product_type,odop_product,odop_state,odop_district,odop_category,odop_sector,odop_gi_status,product_similarity,material_match,state_match,match_score,match_type,match_reason,market_source,market_product_url
Handmade Bamboo & Cane Stool,1199.0,,bamboo,Uttar Pradesh,stool,Cane & Bamboo Handicrafts,Meghalaya,East Khasi Hills,Secondary,handicraft,No,0.61,True,False,61.6,weak,"high product similarity, material match",IndiaHandmade,https://www.indiahandmade.com/buy-handmade-bamboo-cane-stool-online.html
Handmade Cane Lawn Table with Glass Top,3250.0,3299.0,cane,,table,Cane & Bamboo Handicrafts (Mats),Meghalaya,West Khasi Hills,Secondary,handicraft,No,0.298,True,False,42.88,unmatched,material match,IndiaHandmade,https://www.indiahandmade.com/lawn-table.html
Rattan Cane Swing Chair | Natural Finish  Without Cousin,5999.0,6999.0,bamboo,Uttar Pradesh,swing,Bamboo Products,Uttar Pradesh,Bareilly,Secondary,handicraft,Yes,0.0246,True,True,41.48,unmatched,"material match, state match",IndiaHandmade,https://www.indiahandmade.com/buy-rattan-cane-swing-chair-with-accessories-online.html
Cane Hanging Swing for Balcony,6050.0,7999.0,bamboo,Uttar Pradesh,swing,Bamboo Products,Uttar Pradesh,Bareilly,Secondary,handicraft,Yes,0.0545,True,True,43.27,unmatched,"material match, state match",IndiaHandmade,https://www.indiahandmade.com/buy-cane-hanging-swing-for-balcony-online-india.html
Handcrafted Rattan Sofa Set,22550.0,36999.0,cane,Uttar Pradesh,sofa,Cane & Bamboo Handicrafts,Meghalaya,East Khasi Hills,Secondary,handicraft,No,0.4139,True,False,49.83,weak,"partial product similarity, material match",IndiaHandmade,https://www.indiahandmade.com/buy-handcrafted-rattan-sofa-set-online.html
Handcrafted Lightweight Natural Pale Brown Cane Sofa Set|Brown,25999.0,32500.0,bamboo,,sofa,Cane & Bamboo Handicrafts (Mats),Meghalaya,West Khasi Hills,Secondary,handicraft,No,0.2473,True,False,39.84,unmatched,material match,IndiaHandmade,https://www.indiahandmade.com/buy-handcrafted-lightweight-natural-pale-brown-cane-sofa-set-brown-online.html
Hand Embroidery Punjabi Jutti with Moti work,675.0,750.0,,Punjab,jutti,Hand Embroidery,Bihar,Buxar,Tertiary,handicraft,No,0.3748,False,False,22.49,unmatched,partial product similarity,IndiaHandmade,https://www.indiahandmade.com/catalog/product/view/id/7046/s/buy-handmade-punjabi-jutti-with-pearls-work-online/category/473/
Handmade Bamboo & Cane Lounge Chair|36*14*16 Inch,3550.0,3600.0,bamboo,,chair,Cane & Bamboo Handicrafts,Meghalaya,East Khasi Hills,Secondary,handicraft,No,0.3127,True,False,43.76,unmatched,"partial product similarity, material match",IndiaHandmade,https://www.indiahandmade.com/buy-handmade-bamboo-cane-lounge-chair-36-14-16-inch-online.html
Handmade sturdy Bamboo Stool | 	30*27 cm | Brown,750.0,800.0,bamboo,Madhya Pradesh,stool,Bamboo,Madhya Pradesh,Dewas,Primary,handicraft,No,0.1691,True,True,50.15,weak,"material match, state match",IndiaHandmade,https://www.indiahandmade.com/catalog/product/view/id/3547/s/buy-handmade-sturdy-bamboo-stool-online/category/473/
Lotus Minimalistic Necklace | Green,300.0,350.0,,,necklace,Bead Necklace,Arunachal Pradesh,Longding,Primary,handicraft,No,0.2939,False,False,17.63,unmatched,low evidence,IndiaHandmade,https://www.indiahandmade.com/catalog/product/view/id/19549/s/buy-lotus-minimalistic-necklace-online/category/473/
Handmade Laptop Bag | Jute & Cotton,1000.0,1500.0,jute,,bag,Jute Products,Madhya Pradesh,Bhopal,Secondary,handicraft,No,0.2244,True,False,38.47,unmatched,material match,IndiaHandmade,https://www.indiahandmade.com/catalog/product/view/id/19657/s/labtop-bag/category/473/
Handcrafted Wooden Serving Trolley,12500.0,19500.0,wood,Uttar Pradesh,trolley,Handicraft (Wood Carving),Odisha,Kalahandi,Primary,handicraft,No,0.5511,True,False,58.07,weak,"partial product similarity, material match",IndiaHandmade,https://www.indiahandmade.com/catalog/product/view/id/17190/s/buy-handcrafted-wooden-serving-trolley-online/category/473/
SHEESHAM WOOD SIDE TABLE,17500.0,18500.0,wood,,table,White Wood Birds,Andhra Pradesh,East Godavari,Tertiary,handicraft,No,0.28,True,False,41.8,unmatched,material match,IndiaHandmade,https://www.indiahandmade.com/catalog/product/view/id/17233/s/sheesham-wood-side-table/category/473/
Handcrafted Wooden Side Stool | 12x10x12 Inches,1200.0,1500.0,wood,Uttar Pradesh,stool,Saharanpur Wood Craft,Uttar Pradesh,Saharanpur,Primary,handicraft,Yes,0.2147,True,True,52.88,weak,"material match, state match",IndiaHandmade,https://www.indiahandmade.com/catalog/product/view/id/17234/s/buy-handcrafted-wooden-side-stool-12x10x12-inches/category/473/
Crochet Shell Dangler Earrings | Yellow,199.0,398.0,shell,,earrings,Crochet Lace,Andhra Pradesh,West Godavari District,Tertiary,handicraft,No,0.2469,False,False,14.82,unmatched,low evidence,IndiaHandmade,https://www.indiahandmade.com/catalog/product/view/id/17908/s/buy-trendy-crochet-shell-dangler-earrings-for-girls-online/category/473/
Prisha India Craft Premium Peg Measurer Jigger,340.0,680.0,metal,,other,Brass and Bell Metal,Odisha,Nayagarh,Primary,handicraft,No,0.1333,True,False,33.0,unmatched,material match,IndiaHandmade,https://www.indiahandmade.com/catalog/product/view/id/18031/s/prisha-india-craft-premium-peg-measurer-jigger/category/473/
Terracotta Water Bottle with Floral Painting,420.0,,terracotta,,bottle,Terracotta Craft,West Bengal,Bankura,Primary,handicraft,Yes,0.2724,True,False,41.34,unmatched,material match,IndiaHandmade,https://www.indiahandmade.com/water-bottle-1.html
Handcrafted Metal Flower Planter | 50x50x50 cm,490.0,980.0,,,planter,Metal Handicraft,Uttar Pradesh,Aligarh,Secondary,handicraft,No,0.3356,False,False,20.14,unmatched,partial product similarity,IndiaHandmade,https://www.indiahandmade.com/catalog/product/view/id/16308/s/handcrafted-metal-flower-planter-for-sale-50x50x50-cm/category/473/
Handcrafted Metal Flower Planter | 50x50x50 cm,490.0,980.0,,,planter,Metal Handicraft,Uttar Pradesh,Aligarh,Secondary,handicraft,No,0.3356,False,False,20.14,unmatched,partial product similarity,IndiaHandmade,https://www.indiahandmade.com/catalog/product/view/id/16310/s/order-handcrafted-metal-flower-planter-50x50x50-cm/category/473/
Bottle cover-Onesize-Mustard,220.0,,cotton,,bottle,Jute diversified products,West Bengal,North 24 Parganas,Secondary,handicraft,No,0.1846,False,False,11.08,unmatched,low evidence,IndiaHandmade,https://www.indiahandmade.com/catalog/product/view/id/16594/s/bottle-cover-onesize-mustard/category/473/
Bottle cover-Onesize-Maroon,220.0,,cotton,,bottle,Jute diversified products,West Bengal,North 24 Parganas,Secondary,handicraft,No,0.1882,False,False,11.29,unmatched,low evidence,IndiaHandmade,https://www.indiahandmade.com/catalog/product/view/id/16595/s/bottle-cover-onesize-maroon/category/473/
Handcrafted Block Printed Cotton Bottle Bag | Reusable | Rust,220.0,,cotton,,bottle,Handicrafts- Stone & Marble,Uttar Pradesh,Agra,Secondary,handicraft,No,0.2727,False,False,16.36,unmatched,low evidence,IndiaHandmade,https://www.indiahandmade.com/catalog/product/view/id/16600/s/del49234798/category/473/
Handcrafted Block Printed Cotton Bottle Bag | Reusable | Maroon,220.0,,cotton,,bottle,Handicrafts- Stone & Marble,Uttar Pradesh,Agra,Secondary,handicraft,No,0.2477,False,False,14.86,unmatched,low evidence,IndiaHandmade,https://www.indiahandmade.com/catalog/product/view/id/16606/s/handcrafted-block-printed-bottle-bag-eco-friendly-reusable-wine-tote-perfect-for-gifting-and-storage-maroon-onesize/category/473/
Jute Applique Handwork Bag,349.0,499.0,jute,Uttar Pradesh,bag,Jute Works,Andhra Pradesh,Srikakulam,Others,handicraft,No,0.32,True,False,44.2,unmatched,"partial product similarity, material match",IndiaHandmade,https://www.indiahandmade.com/catalog/product/view/id/16858/s/stylish-eco-friendly-jute-applique-handwork-bag-for-women/category/473/
Jute Applique Handwork Bag,349.0,499.0,jute,Uttar Pradesh,bag,Jute Works,Andhra Pradesh,Srikakulam,Others,handicraft,No,0.32,True,False,44.2,unmatched,"partial product similarity, material match",IndiaHandmade,https://www.indiahandmade.com/buy-jute-applique-handwork-bag-online-india.html
Eco Friendly Jute Handicraft Bag | Multicolor,499.0,699.0,jute,Uttar Pradesh,bag,Jute Products,Madhya Pradesh,Bhopal,Secondary,handicraft,No,0.2021,True,False,37.12,unmatched,material match,IndiaHandmade,https://www.indiahandmade.com/catalog/product/view/id/16861/s/shop-eco-friendly-jute-handicraft-bag-online-india/category/473/
Handmade Bamboo Chair,2500.0,3500.0,bamboo,Assam,chair,Cane & Bamboo Furniture & Decorative Items,Assam,Karimganj,Secondary,handicraft,No,0.2562,True,True,55.37,weak,"material match, state match",IndiaHandmade,https://www.indiahandmade.com/catalog/product/view/id/18392/s/buy-handmade-bamboo-chair-online/category/473/
Silk Thread Bangles | Brown | 2*4,130.0,150.0,silk,Tamil Nadu,other,Salem Silk,Tamil Nadu,Salem,Secondary,handicraft,Yes,0.1678,True,True,50.07,weak,"material match, state match",IndiaHandmade,https://www.indiahandmade.com/catalog/product/view/id/18899/s/shop-handmade-silk-thread-bangles-in-brown-online/category/473/
Trendy Silk Oxidized Peacock Jhumka Earrings | Black,350.0,698.0,silk,,earrings,Silk Carpet (Hand Knotted Carpet),Jammu and Kashmir,Srinagar,Primary,handicraft,Yes,0.1686,True,False,35.12,unmatched,material match,IndiaHandmade,https://www.indiahandmade.com/catalog/product/view/id/18951/s/trendy-silk-oxidised-peacock-jhumka-earrings-black/category/473/
Trendy Silk Oxidised Peacock Jhumka Earrings - Purple,350.0,698.0,silk,,earrings,Silk Carpet (Hand Knotted Carpet),Jammu and Kashmir,Srinagar,Primary,handicraft,Yes,0.1673,True,False,35.04,unmatched,material match,IndiaHandmade,https://www.indiahandmade.com/catalog/product/view/id/18958/s/trendy-silk-oxidised-peacock-jhumka-earrings-purple/category/473/
Silk Thread Bangles | 2*6 | Turquoise,300.0,360.0,silk,,other,Silk Carpet (Hand Knotted Carpet),Jammu and Kashmir,Srinagar,Primary,handicraft,Yes,0.2292,True,False,38.75,unmatched,material match,IndiaHandmade,https://www.indiahandmade.com/catalog/product/view/id/18972/s/buy-handmade-silk-thread-bangles-in-turquoise-online/category/473/
Handcrafted Silk Thread Bangles | Turquoise,300.0,360.0,silk,,other,Silk Carpet (Hand Knotted Carpet),Jammu and Kashmir,Srinagar,Primary,handicraft,Yes,0.2215,True,False,38.29,unmatched,material match,IndiaHandmade,https://www.indiahandmade.com/catalog/product/view/id/18973/s/buy-handcrafted-silk-thread-bangles-in-turquoise-blue-online/category/473/
Gold Tone String Wire | Pink Lotus Pendants,299.0,350.0,stone,,other,Allagadda Stone Carving,Andhra Pradesh,Nandyal,Tertiary,handicraft,Yes,0.15,True,False,34.0,unmatched,material match,IndiaHandmade,https://www.indiahandmade.com/catalog/product/view/id/19218/s/in-nl-lotus-03/category/473/
Gold Toned String Wire Necklace with Small Elephant Metal Pendants,149.0,200.0,metal,,necklace,Bell Metal Products,Assam,Barpeta,Primary,handicraft,No,0.1738,True,False,35.43,unmatched,material match,IndiaHandmade,https://www.indiahandmade.com/catalog/product/view/id/19219/s/in-nl-elephant-001/category/473/
Handcrafted Wooden Dog Bed,3350.0,3500.0,bamboo,Uttar Pradesh,other,Bamboo Products,Uttar Pradesh,Bareilly,Secondary,handicraft,Yes,0.0865,True,True,45.19,weak,"material match, state match",IndiaHandmade,https://www.indiahandmade.com/buy-handmade-pet-dog-cat-bed-online.html
Natural Rattan Cane 3 Seater Sofa Set and 2 Single Seater Chair with Cushions (Brown),27500.0,29000.0,cane,,sofa,Cane & Bamboo Furniture & Decorative Items,Assam,Karimganj,Secondary,handicraft,No,0.1563,True,False,34.38,unmatched,material match,IndiaHandmade,https://www.indiahandmade.com/natural-rattan-cane-3-seater-sofa-set-and-2-single-seater-chair-with-cushions-brown.html
Modern Cane Sofa Set,22500.0,26999.0,bamboo,Uttar Pradesh,sofa,Bamboo Products,Uttar Pradesh,Bareilly,Secondary,handicraft,Yes,0.1176,True,True,47.06,weak,"material match, state match",IndiaHandmade,https://www.indiahandmade.com/modern-cane-sofa-set-sofa-set-made-of-cane.html
Bamboo & Cane Lehar Sofa Set with Table,22599.0,26999.0,bamboo,,sofa,Cane & Bamboo Handicrafts,Meghalaya,East Khasi Hills,Secondary,handicraft,No,0.3127,True,False,43.76,unmatched,"partial product similarity, material match",IndiaHandmade,https://www.indiahandmade.com/buy-bamboo-cane-lehar-sofa-set-with-table-online.html
Bamboo Cane Planter for Balcony Indoor and Outdoor | 3 in 1 Stand,3699.0,4599.0,bamboo,,planter,Wood and Bamboo based Handicraft Items,Tripura,Sepahijala,Secondary,handicraft,No,0.2097,True,False,37.58,unmatched,material match,IndiaHandmade,https://www.indiahandmade.com/dastkar-crafts-bamboo-cane-planter-3-in-1-stand-for-balcony-indoor-and-outdoor.html
Handicrafts ladies Bag- Regular Use Multicolored,1650.0,,,,bag,Handmade Paper Art,Uttar Pradesh,Jalaun,Primary,handicraft,Yes,0.2811,False,False,16.86,unmatched,low evidence,IndiaHandmade,https://www.indiahandmade.com/catalog/product/view/id/7080/s/handicrafts-ladies-bag-regular-use-multicolored/category/473/
Ladies Gym Bag | Blue,8300.0,,,,bag,Lac Bangles,Bihar,Supaul,Primary,handicraft,No,0.2133,False,False,12.8,unmatched,low evidence,IndiaHandmade,https://www.indiahandmade.com/ladies-gym-bag.html
Ghada Flower Pot | Medium,650.0,700.0,terracotta,Karnataka,other,Black Pottery (Khiew Ranei),Meghalaya,West Jaintia Hills,Secondary,handicraft,No,0.1333,True,False,33.0,unmatched,material match,IndiaHandmade,https://www.indiahandmade.com/catalog/product/view/id/8196/s/buy-ghada-shaped-black-flower-pot-vase-online/category/473/
Cane & Bamboo Tray Table,2500.0,2550.0,bamboo,Uttar Pradesh,tray,Bamboo Products,Uttar Pradesh,Bareilly,Secondary,handicraft,Yes,0.2978,True,True,57.87,weak,"material match, state match",IndiaHandmade,https://www.indiahandmade.com/cane-and-bamboo-tray-table.html
Silk Thread Bangles | Golden | 2*4,215.0,220.0,silk,Tamil Nadu,other,Salem Silk,Tamil Nadu,Salem,Secondary,handicraft,Yes,0.1657,True,True,49.94,weak,"material match, state match",IndiaHandmade,https://www.indiahandmade.com/catalog/product/view/id/18314/s/buy-handmade-elegant-silk-thread-bangles-in-brown-online/category/473/
Handcrafted Terracotta Pots Decorated with Madhubani Art,1999.0,,terracotta,,other,Terracotta Craft,West Bengal,Bankura,Primary,handicraft,Yes,0.244,True,False,39.64,unmatched,material match,IndiaHandmade,https://www.indiahandmade.com/catalog/product/view/id/3158/s/buy-handcrafted-terracotta-pots-decorated-with-madhubani-art-online/category/473/
Handcrafted Copper Hammered Dinner Thali Set for 2,5000.0,10000.0,copper,,other,Copper based Products,Uttarakhand,Bageshwar,Primary,handicraft,No,0.2107,True,False,37.64,unmatched,material match,IndiaHandmade,https://www.indiahandmade.com/catalog/product/view/id/15550/s/order-handcrafted-copper-hammered-dinner-thali-set-for-2/category/473/
Handcrafted Lippan Art Wall Hanging | Mud Work,799.0,,clay,Gujarat,wall hanging,Handicraft Items,Gujarat,Kachch,Primary,handicraft,Yes,0.2648,False,True,30.89,unmatched,state match,IndiaHandmade,https://www.indiahandmade.com/catalog/product/view/id/16384/s/buy-handcrafted-lippan-art-work-wall-hanging-online/category/473/
Handwoven Cane Chair,4500.0,7999.0,bamboo,Uttar Pradesh,chair,Bamboo Products,Uttar Pradesh,Bareilly,Secondary,handicraft,Yes,0.0706,True,True,44.24,unmatched,"material match, state match",IndiaHandmade,https://www.indiahandmade.com/buy-handwoven-cane-chair-online.html
Silk Thread Bangle - SB0001 - 2 6,300.0,320.0,silk,,other,Silk Carpet (Hand Knotted Carpet),Jammu and Kashmir,Srinagar,Primary,handicraft,Yes,0.2267,True,False,38.6,unmatched,material match,IndiaHandmade,https://www.indiahandmade.com/catalog/product/view/id/18349/s/silk-thread-bangle-sb0001-2-6/category/473/
Silk Thread Bangles | Pure White | 2*8,130.0,150.0,silk,Tamil Nadu,other,Salem Silk,Tamil Nadu,Salem,Secondary,handicraft,Yes,0.1477,True,True,48.86,weak,"material match, state match",IndiaHandmade,https://www.indiahandmade.com/catalog/product/view/id/18891/s/shop-handcrafted-pure-white-silk-thread-bangles-online/category/473/
Silk Thread Bangles | Brown | 2*6,130.0,150.0,silk,Tamil Nadu,other,Salem Silk,Tamil Nadu,Salem,Secondary,handicraft,Yes,0.1678,True,True,50.07,weak,"material match, state match",IndiaHandmade,https://www.indiahandmade.com/catalog/product/view/id/18901/s/buy-silk-thread-bangles-piar-in-brown-online/category/473/
Prisha India Craft Pure Copper Jug Capacity 1300 ML with 4 Pure Copper Glass,4000.0,6600.0,copper,,other,Copper based Products,Uttarakhand,Bageshwar,Primary,handicraft,No,0.1429,True,False,33.57,unmatched,material match,IndiaHandmade,https://www.indiahandmade.com/catalog/product/view/id/18940/s/prisha-india-craft-pure-copper-jug-capacity-1300-ml-with-4-pure-copper-glass/category/473/
Silk Oxidised Peacock Jhumka Earrings | Blue,349.0,698.0,silk,,earrings,Silk Carpet (Hand Knotted Carpet),Jammu and Kashmir,Srinagar,Primary,handicraft,Yes,0.1872,True,False,36.23,unmatched,material match,IndiaHandmade,https://www.indiahandmade.com/catalog/product/view/id/18952/s/buy-silk-oxidised-peacock-jhumka-earrings-in-blue/category/473/
Trendy Silk Oxidised Peacock Jhumka Earrings - Brown,349.0,698.0,silk,,earrings,Silk Carpet (Hand Knotted Carpet),Jammu and Kashmir,Srinagar,Primary,handicraft,Yes,0.1686,True,False,35.12,unmatched,material match,IndiaHandmade,https://www.indiahandmade.com/catalog/product/view/id/18953/s/trendy-silk-oxidised-peacock-jhumka-earrings-brown/category/473/
Trendy Silk Oxidized Peacock Jhumka Earrings | Pink,699.0,1299.0,silk,,earrings,Silk Carpet (Hand Knotted Carpet),Jammu and Kashmir,Srinagar,Primary,handicraft,Yes,0.17,True,False,35.2,unmatched,material match,IndiaHandmade,https://www.indiahandmade.com/catalog/product/view/id/18957/s/trendy-silk-oxidised-peacock-jhumka-earrings-pink/category/473/
Trendy Silk Oxidised Peacock Jhumka Earrings - White,349.0,698.0,silk,,earrings,Silk Carpet (Hand Knotted Carpet),Jammu and Kashmir,Srinagar,Primary,handicraft,Yes,0.1785,True,False,35.71,unmatched,material match,IndiaHandmade,https://www.indiahandmade.com/catalog/product/view/id/18960/s/trendy-silk-oxidised-peacock-jhumka-earrings-white/category/473/
Silk Thread Bangles | Magenta Pink & Blue | 2*6,1200.0,1500.0,silk,,other,Silk Carpet (Hand Knotted Carpet),Jammu and Kashmir,Srinagar,Primary,handicraft,Yes,0.199,True,False,36.94,unmatched,material match,IndiaHandmade,https://www.indiahandmade.com/catalog/product/view/id/18976/s/silk-thread-bangles-mb005-2-6/category/473/
Gold Tone String Wire | Turquoise Lotus Pendants,399.0,450.0,,,other,Gold Jewellery,Andhra Pradesh,Eluru,Primary,handicraft,No,0.1683,False,False,10.1,unmatched,low evidence,IndiaHandmade,https://www.indiahandmade.com/catalog/product/view/id/19213/s/in-nl-lotus-01/category/473/
Gold Tone String Wire | Flower Zircon Pendants,450.0,550.0,,,other,Gold Jewellery,Andhra Pradesh,Eluru,Primary,handicraft,No,0.1991,False,False,11.95,unmatched,low evidence,IndiaHandmade,https://www.indiahandmade.com/catalog/product/view/id/19215/s/in-nl-stone-02/category/473/
IN NL Butterfly 001,149.0,200.0,metal,,other,Brass and Bell Metal,Odisha,Nayagarh,Primary,handicraft,No,0.1231,True,False,32.38,unmatched,material match,IndiaHandmade,https://www.indiahandmade.com/catalog/product/view/id/19220/s/in-nl-butterfly-001/category/473/
Embroidery and Mirror Work Cushion Cover | Green,500.0,,silk,Gujarat,other,Silk Carpet (Hand Knotted Carpet),Jammu and Kashmir,Srinagar,Primary,handicraft,Yes,0.1039,True,False,31.23,unmatched,material match,IndiaHandmade,https://www.indiahandmade.com/catalog/product/view/id/16341/s/buy-handcrafted-mirror-work-cushion-cover-online/category/473/
Handcrafted Block Printed Bottle Bag  Eco Friendly Reusable Wine Tote Perfect for Gifting and Storage,220.0,,cotton,,bottle,Handicrafts (Palm Leaf Engraving),Odisha,Khurda,Others,handicraft,No,0.176,False,False,10.56,unmatched,low evidence,IndiaHandmade,https://www.indiahandmade.com/catalog/product/view/id/16604/s/handcrafted-block-printed-bottle-bag-online/category/473/
Handcrafted Block Printed Cotton Bottle Bag | Reusable | Yellow,220.0,,cotton,,bottle,Handicrafts- Stone & Marble,Uttar Pradesh,Agra,Secondary,handicraft,No,0.2674,False,False,16.04,unmatched,low evidence,IndiaHandmade,https://www.indiahandmade.com/catalog/product/view/id/16608/s/handcrafted-block-printed-bottle-bag-eco-friendly-reusable-wine-tote-perfect-for-gifting-and-storage-yellow-onesize/category/473/
Eco-Friendly Jute Carry Bag,449.0,649.0,jute,Uttar Pradesh,bag,Jute Works,Andhra Pradesh,Srikakulam,Others,handicraft,No,0.2297,True,False,38.78,unmatched,material match,IndiaHandmade,https://www.indiahandmade.com/catalog/product/view/id/16860/s/shop-eco-friendly-jute-carry-bag-online-india/category/473/
Photo Frame Elephant 01,1499.0,1599.0,,,other,Pithora Painting,Gujarat,Chhota Udaipur,Secondary,handicraft,Yes,0.2051,False,False,12.31,unmatched,low evidence,IndiaHandmade,https://www.indiahandmade.com/catalog/product/view/id/17094/s/photo-frame-elephant01/category/473/
Handcrafted Wooden Kettle-Shaped Coaster Set,450.0,550.0,wood,Uttar Pradesh,other,Wooden Lacquer Ware,Uttar Pradesh,Varanasi,Tertiary,handicraft,Yes,0.2405,True,True,54.43,weak,"material match, state match",IndiaHandmade,https://www.indiahandmade.com/catalog/product/view/id/17210/s/buy-handcrafted-wooden-kettle-shaped-coaster-set-online/category/473/
Handmade Wooden Musical Flute,300.0,499.0,bamboo,,other,Wood and Bamboo based Handicraft Items,Tripura,Sepahijala,Secondary,handicraft,No,0.3172,True,False,44.03,unmatched,"partial product similarity, material match",IndiaHandmade,https://www.indiahandmade.com/catalog/product/view/id/17409/s/buy-handmade-wooden-musical-flute-online/category/473/
Prisha India Craft Copper Water Bottle with Vacuum Insulation,950.0,1850.0,copper,,bottle,Copper based Products,Uttarakhand,Bageshwar,Primary,handicraft,No,0.1434,True,False,33.61,unmatched,material match,IndiaHandmade,https://www.indiahandmade.com/catalog/product/view/id/18052/s/prisha-india-craft-copper-water-bottle-with-vacuum-insulation20/category/473/
"Gi Craft Leather Lion Figurine | 12""",650.0,800.0,leather,,other,Leather Work,Gujarat,Kachchh,Others,handicraft,No,0.2635,True,False,40.81,unmatched,material match,IndiaHandmade,https://www.indiahandmade.com/catalog/product/view/id/15134/s/lions/category/473/
Leather Tiger Home Decor Piece,2200.0,2500.0,leather,,other,Leather goods,West Bengal,Kolkata,Primary,handicraft,No,0.3047,True,False,43.28,unmatched,"partial product similarity, material match",IndiaHandmade,https://www.indiahandmade.com/catalog/product/view/id/15135/s/tiger/category/473/
Handmade Lotus Pendant Necklace | Yellow,300.0,350.0,metal,Tamil Nadu,necklace,Metal Handicraft,Uttar Pradesh,Aligarh,Secondary,handicraft,No,0.2429,True,False,39.57,unmatched,material match,IndiaHandmade,https://www.indiahandmade.com/catalog/product/view/id/19550/s/buy-handmade-lotus-pendant-necklace-in-yellow-online/category/473/
Hand-Painted Jute Tote | Eco-Friendly,700.0,2000.0,jute,,other,Jute diversified products,West Bengal,North 24 Parganas,Secondary,handicraft,No,0.2106,True,False,37.64,unmatched,material match,IndiaHandmade,https://www.indiahandmade.com/catalog/product/view/id/19706/s/jute-bag-hand-painted-eco-friendly-tote-featuring-traditional-vibrant-art-of-nature-and-mythology27/category/473/
Handcrafted Jute Purse| Beige,1499.0,,jute,,other,Jute Works,Andhra Pradesh,Srikakulam,Others,handicraft,No,0.2714,True,False,41.28,unmatched,material match,IndiaHandmade,https://www.indiahandmade.com/handcrafted-jute-purse-beige.html
Dastkar Crafts Home Berrien Outdoor Wicker Chairs,4999.0,6999.0,bamboo,Uttar Pradesh,chair,Bamboo Products,Uttar Pradesh,Bareilly,Secondary,handicraft,Yes,0.0889,True,True,45.33,weak,"material match, state match",IndiaHandmade,https://www.indiahandmade.com/dastkar-crafts-home-berrien-outdoor-wicker-chairs.html
Rattan Cane Swing Chair with Cushion,7500.0,8999.0,bamboo,Uttar Pradesh,swing,Bamboo Products,Uttar Pradesh,Bareilly,Secondary,handicraft,Yes,0.0333,True,True,42.0,unmatched,"material match, state match",IndiaHandmade,https://www.indiahandmade.com/shop-rattan-cane-swing-chair-with-cushion-online.html
Handmade Cane Rattan Magazine Shelf,2500.0,3299.0,cane,,other,Cane & Bamboo Handicrafts (Mats),Meghalaya,West Khasi Hills,Secondary,handicraft,No,0.3806,True,False,47.84,weak,"partial product similarity, material match",IndiaHandmade,https://www.indiahandmade.com/cane-wall-shelf-magzine-room-decor-shelf-cane-home-office-s-decoration-and-book-shelves-wooden-bamboo-cane-plant-contaier-shalf.html
Cane Sofa Set with Table,24500.0,26999.0,bamboo,Uttar Pradesh,sofa,Bamboo Products,Uttar Pradesh,Bareilly,Secondary,handicraft,Yes,0.0421,True,True,42.53,unmatched,"material match, state match",IndiaHandmade,https://www.indiahandmade.com/buy-cane-sofa-set-with-table-online.html
Pure Handmade Wooden Sofa Set,34500.0,35999.0,wood,,sofa,Handicraft (Wood Carving),Odisha,Kalahandi,Primary,handicraft,No,0.4615,True,False,52.69,weak,"partial product similarity, material match",IndiaHandmade,https://www.indiahandmade.com/3-seater-sofa-set-with-cushion-and-2-side-tables.html
Bamboo Cane Sofa with Round Cushion for Home & Office | Outdoor Indoor Furniture,28599.0,35999.0,bamboo,,sofa,Cane & Bamboo Furniture & Decorative Items,Assam,Karimganj,Secondary,handicraft,No,0.2409,True,False,39.45,unmatched,material match,IndiaHandmade,https://www.indiahandmade.com/handmade-wooden-bamboo-furniture-bamboo-cane-furniture/office-use-items/sofas-couches/dastkar-crafts-cane-sofa-with-red-round-cushion-bamboo-cane-sofa-cane-bent-sofa-set-furniture-for-home-sofa-for-outdoor-indoor-balcony-garden-chair-cane-sofa-set-furnitu
Cane & Bamboo Recliner Chair,4550.0,6999.0,bamboo,Uttar Pradesh,chair,Bamboo Products,Uttar Pradesh,Bareilly,Secondary,handicraft,Yes,0.3,True,True,58.0,weak,"partial product similarity, material match, state match",IndiaHandmade,https://www.indiahandmade.com/buy-cane-bamboo-recliner-chair-online.html
JUTE AIPAN GIFT BAG,180.0,294.0,jute,,bag,Jute Products,Madhya Pradesh,Bhopal,Secondary,handicraft,No,0.3006,True,False,43.04,unmatched,"partial product similarity, material match",IndiaHandmade,https://www.indiahandmade.com/catalog/product/view/id/10562/s/jute-aipan-gift-bag/category/473/
Stainless Steel Copperware Dinner Thali Set for 2,5000.0,10000.0,copper,,other,Copper based Products,Uttarakhand,Bageshwar,Primary,handicraft,No,0.1159,True,False,31.96,unmatched,material match,IndiaHandmade,https://www.indiahandmade.com/catalog/product/view/id/15548/s/buy-stainless-steel-copperware-dinner-thali-set-for-2/category/473/
Handcrafted Fish-Scale Pink Earrings,50.0,55.0,,West Bengal,earrings,Sabai grass-based handicraft,West Bengal,Jhargram,Secondary,handicraft,No,0.202,False,True,27.12,unmatched,state match,IndiaHandmade,https://www.indiahandmade.com/buy-handcrafted-fish-scale-pink-earrings-online.html
Silk Thread Bangles | Dual Colour | 2*6,620.0,700.0,silk,,other,Silk Carpet (Hand Knotted Carpet),Jammu and Kashmir,Srinagar,Primary,handicraft,Yes,0.2539,True,False,40.24,unmatched,material match,IndiaHandmade,https://www.indiahandmade.com/catalog/product/view/id/18345/s/buy-handmade-silk-thread-bangles-in-pastel-hues-online/category/473/
Silk Thread Bangle CBS001 2 6,240.0,270.0,silk,,other,Silk Carpet (Hand Knotted Carpet),Jammu and Kashmir,Srinagar,Primary,handicraft,Yes,0.2533,True,False,40.2,unmatched,material match,IndiaHandmade,https://www.indiahandmade.com/catalog/product/view/id/18851/s/silk-thread-bangle-cbs001-2-6/category/473/
Handcrafted Silk Thread Bangles | Set of 2 | Gold,240.0,270.0,silk,,other,Silk Carpet (Hand Knotted Carpet),Jammu and Kashmir,Srinagar,Primary,handicraft,Yes,0.1719,True,False,35.31,unmatched,material match,IndiaHandmade,https://www.indiahandmade.com/catalog/product/view/id/18852/s/buy-golden-silk-thread-bangles-with-coin-embellishments-online/category/473/
Jamnasha Exports Elegant Leaf Style Adjustable Ring Nature Inspired Jewelry for Women Perfect for Gift Shoppers Symbolizing Growth and Renewal Ideal for Both Casual and Formal Wear,500.0,999.0,,,table,"Applique Work along with Patch Work,Zari Patch work, and Mentha",Uttar Pradesh,Rampur,Primary,handicraft,Yes,0.1218,False,False,7.31,unmatched,low evidence,IndiaHandmade,https://www.indiahandmade.com/catalog/product/view/id/18867/s/jamnasha-exports-elegant-leaf-style-adjustable-ring-nature-inspired-jewelry-for-women-perfect-for-gift-shoppers-symbolizing-growth-and-renewal-ideal-for-both-casual-and-formal-wear/category/473/
Steel/Copper Jug with 2 Tumblers | 900 ml & 250 ml,2250.0,4000.0,copper,,other,Copper based Products,Uttarakhand,Bageshwar,Primary,handicraft,No,0.1636,True,False,34.82,unmatched,material match,IndiaHandmade,https://www.indiahandmade.com/catalog/product/view/id/18949/s/buy-steel-copper-jug-with-2-tumblers-900-ml-250-ml/category/473/
Silk Thread Bangles | Lavender | 2*2,220.0,300.0,silk,Tamil Nadu,other,Salem Silk,Tamil Nadu,Salem,Secondary,handicraft,Yes,0.1762,True,True,50.57,weak,"material match, state match",IndiaHandmade,https://www.indiahandmade.com/catalog/product/view/id/18966/s/buy-lavender-silk-thread-bangles-online/category/473/
Silk Thread Bangles | Fluorescent | 2*8,1200.0,1500.0,silk,Tamil Nadu,other,Salem Silk,Tamil Nadu,Salem,Secondary,handicraft,Yes,0.1568,True,True,49.41,weak,"material match, state match",IndiaHandmade,https://www.indiahandmade.com/catalog/product/view/id/18977/s/buy-silk-thread-bangles-in-fluorescent-pink-for-ethnic-wear-online/category/473/
Gold Tone String Wire | Pink Flower Stone Pendants,220.0,280.0,stone,,other,Agates Stone,Gujarat,Anand,Secondary,handicraft,Yes,0.2,True,False,37.0,unmatched,material match,IndiaHandmade,https://www.indiahandmade.com/catalog/product/view/id/19214/s/in-nl-stone-01/category/473/
Ginni & Threadwork Black Silk Thread Earrings,450.0,800.0,silk,,earrings,Silk Carpet (Hand Knotted Carpet),Jammu and Kashmir,Srinagar,Primary,handicraft,Yes,0.2072,True,False,37.43,unmatched,material match,IndiaHandmade,https://www.indiahandmade.com/buy-ginni-threadwork-black-fabric-earrings.html
Handmade Kolhapuri Chappal for Women,579.0,1099.0,leather,Rajasthan,other,Leather Puppets,Andhra Pradesh,Palnadu (Narasaraopeta),Tertiary,handicraft,Yes,0.1208,True,False,32.25,unmatched,material match,IndiaHandmade,https://www.indiahandmade.com/buy-handmade-kolhapuri-chappals-online.html
Handcrafted Copper Dinner Thali Set for 2,5000.0,10000.0,copper,,other,Copper based Products,Uttarakhand,Bageshwar,Primary,handicraft,No,0.2133,True,False,37.8,unmatched,material match,IndiaHandmade,https://www.indiahandmade.com/catalog/product/view/id/15546/s/buy-handcrafted-copper-dinner-thali-set-for-2/category/473/
Handcrafted Pure Copper Thali Set for 2,5000.0,10000.0,copper,,other,Copper based Products,Uttarakhand,Bageshwar,Primary,handicraft,No,0.2184,True,False,38.1,unmatched,material match,IndiaHandmade,https://www.indiahandmade.com/catalog/product/view/id/15549/s/buy-handcrafted-pure-copper-thali-set-for-2/category/473/
Handcrafted Wooden Side Tables | Set of 2,4300.0,5900.0,wood,Uttar Pradesh,table,Saharanpur Wood Craft,Uttar Pradesh,Saharanpur,Primary,handicraft,Yes,0.2211,True,True,53.26,weak,"material match, state match",IndiaHandmade,https://www.indiahandmade.com/catalog/product/view/id/17235/s/shop-handcrafted-wooden-side-tables-online/category/473/
Copper Plating Dry Fruit Container,1250.0,2500.0,copper,Haryana,other,Copper based Products,Uttarakhand,Bageshwar,Primary,handicraft,No,0.219,True,False,38.14,unmatched,material match,IndiaHandmade,https://www.indiahandmade.com/catalog/product/view/id/18028/s/buy-handmade-copper-dry-fruit-container-set-online/category/473/
Cane Sofa Set | Set of 4,35000.0,40000.0,cane,,sofa,Cane & Bamboo Products,Meghalaya,Eastern West Khasi Hills,Secondary,handicraft,No,0.2418,True,False,39.51,unmatched,material match,IndiaHandmade,https://www.indiahandmade.com/catalog/product/view/id/19667/s/cane-sofa-set22/category/473/
Handcrafted Block Printed Bottle Bag  Eco Friendly Reusable Wine Tote Perfect for Gifting and Storage-Pink-Onesize,220.0,,cotton,,bottle,"Wooden Handicraft Items (Gift item, Furniture etc.)",Haryana,Charkhi Dadri,Secondary,handicraft,No,0.1637,False,False,9.82,unmatched,low evidence,IndiaHandmade,https://www.indiahandmade.com/catalog/product/view/id/16607/s/handcrafted-block-printed-bottle-bag-eco-friendly-reusable-wine-tote-perfect-for-gifting-and-storage-pink-onesize/category/473/
Handcrafted Embroidered Sling Bag | Cotton Design | 22.86X15.24X22.86 cm,299.0,399.0,cotton,,bag,Handicrafts - Horn Bone,Uttar Pradesh,Sambhal,Primary,handicraft,No,0.2117,False,False,12.7,unmatched,low evidence,IndiaHandmade,https://www.indiahandmade.com/catalog/product/view/id/16953/s/handcrafted-embroidered-sling-bag-traditional-woolen-cotton-design/category/473/
Handcrafted Jute Bottle Bag | 1 Litre Capacity,280.0,350.0,jute,Bihar,bottle,Jute,Bihar,Katihar,Primary,handicraft,No,0.1538,True,True,49.23,weak,"material match, state match",IndiaHandmade,https://www.indiahandmade.com/catalog/product/view/id/17003/s/buy-handcrafted-jute-bottle-bag-online/category/473/
Cane Rocking Chair with Cushion,5550.0,6999.0,bamboo,Uttar Pradesh,chair,Bamboo Products,Uttar Pradesh,Bareilly,Secondary,handicraft,Yes,0.1067,True,True,46.4,weak,"material match, state match",IndiaHandmade,https://www.indiahandmade.com/buy-cane-rocking-chair-with-cushion-online.html
Bamboo & Cane Sofa Set with Table and Cushions,31500.0,32000.0,bamboo,Uttar Pradesh,sofa,Bamboo Products,Uttar Pradesh,Bareilly,Secondary,handicraft,Yes,0.1908,True,True,51.45,weak,"material match, state match",IndiaHandmade,https://www.indiahandmade.com/buy-bamboo-cane-sofa-set-with-table-and-cushions-online.html
Handmade Boho Rattan Wall Shelf | 16.5 Inch | Floating Style,2599.0,3999.0,cane,,other,Cane & Bamboo Handicrafts (Mats),Meghalaya,West Khasi Hills,Secondary,handicraft,No,0.2349,True,False,39.1,unmatched,material match,IndiaHandmade,https://www.indiahandmade.com/handmade-wooden-bamboo-furniture-bamboo-cane-furniture/office-use-items/wall-shelves/dastkar-crafts-wall-shelves-rattan-shelf-16-5inch-handmade-boho-wall-decor-floating-rustic-decor-for-bathroom-nursery-bedroom-wall-mounted-natrual-rattan-and-wood-storage
Handcrafted Wooden Partition Screen,16500.0,18500.0,wood,Uttar Pradesh,other,Saharanpur Wood Craft,Uttar Pradesh,Saharanpur,Primary,handicraft,Yes,0.2811,True,True,56.87,weak,"material match, state match",IndiaHandmade,https://www.indiahandmade.com/catalog/product/view/id/17187/s/order-handcrafted-wooden-partition-screen-online/category/473/
Handcrafted Wooden Partition Screen,16500.0,18500.0,wood,Uttar Pradesh,other,Saharanpur Wood Craft,Uttar Pradesh,Saharanpur,Primary,handicraft,Yes,0.2811,True,True,56.87,weak,"material match, state match",IndiaHandmade,https://www.indiahandmade.com/catalog/product/view/id/17208/s/handcrafted-wooden-partition-screen-for-sale-online/category/473/
Handmade Wooden Partition Screen,16500.0,18500.0,wood,Uttar Pradesh,other,Saharanpur Wood Craft,Uttar Pradesh,Saharanpur,Primary,handicraft,Yes,0.2811,True,True,56.87,weak,"material match, state match",IndiaHandmade,https://www.indiahandmade.com/catalog/product/view/id/17214/s/buy-handmade-wooden-partition-screen-online/category/473/
Handcrafted Jute Purse for Ladies,740.0,849.0,jute,Maharashtra,other,Jute Works,Andhra Pradesh,Srikakulam,Others,handicraft,No,0.2524,True,False,40.14,unmatched,material match,IndiaHandmade,https://www.indiahandmade.com/catalog/product/view/id/17247/s/buy-handcrafted-jute-purse-for-ladies-online/category/473/
Handcrafted Vijaysar Wooden Tumbler,499.0,699.0,wood,Tamil Nadu,other,Handicraft (Wood Carving),Odisha,Kalahandi,Primary,handicraft,No,0.4873,True,False,54.24,weak,"partial product similarity, material match",IndiaHandmade,https://www.indiahandmade.com/catalog/product/view/id/17432/s/buy-handcrafted-vijaysar-wooden-tumbler-online/category/473/
wooden stool table coffeetable,650.0,1299.0,wood,,stool,Wood/Bamboo,Nagaland,Phek,Secondary,handicraft,No,0.2636,True,False,40.82,unmatched,material match,IndiaHandmade,https://www.indiahandmade.com/catalog/product/view/id/17532/s/wooden-stool-table-coffeetable/category/473/
Crochet Shell Dangler Earrings | Purple,199.0,398.0,shell,,earrings,Crochet Lace,Andhra Pradesh,West Godavari District,Tertiary,handicraft,No,0.2469,False,False,14.82,unmatched,low evidence,IndiaHandmade,https://www.indiahandmade.com/catalog/product/view/id/17904/s/buy-crochet-shell-dangler-earrings-in-purple-online/category/473/
Crochet Shell Dangler Earrings | White,199.0,398.0,,,earrings,Crochet Lace,Andhra Pradesh,West Godavari District,Tertiary,handicraft,No,0.25,False,False,15.0,unmatched,low evidence,IndiaHandmade,https://www.indiahandmade.com/catalog/product/view/id/17907/s/buy-crochet-shell-dangler-earrings-in-white-online/category/473/
Handmade Beaded Placemat | Set of 3,700.0,1400.0,,Haryana,other,"Wooden Handicraft Items (Gift item, Furniture etc.)",Haryana,Charkhi Dadri,Secondary,handicraft,No,0.22,False,True,28.2,unmatched,state match,IndiaHandmade,https://www.indiahandmade.com/catalog/product/view/id/18000/s/buy-handmade-round-beaded-placemat-in-golden-online/category/473/
Handcrafted Metal Plant Pot,490.0,980.0,metal,Haryana,other,Metal Handicraft,Uttar Pradesh,Aligarh,Secondary,handicraft,No,0.4905,True,False,54.43,weak,"partial product similarity, material match",IndiaHandmade,https://www.indiahandmade.com/catalog/product/view/id/16312/s/buy-metal-pot-for-planters-online/category/473/
Handcrafted Hammered Copper Coasters | 4 Inches | Set of 4,550.0,1100.0,copper,,other,Copper based Products,Uttarakhand,Bageshwar,Primary,handicraft,No,0.1696,True,False,35.18,unmatched,material match,IndiaHandmade,https://www.indiahandmade.com/buy-handcrafted-hammered-copper-coasters-4-inches-set-of-4.html
Handcrafted Block Printed Bottle Bag  Eco Friendly Reusable Wine TotePerfect for Gifting and Storage,220.0,,cotton,,bottle,Handicrafts (Palm Leaf Engraving),Odisha,Khurda,Others,handicraft,No,0.179,False,False,10.74,unmatched,low evidence,IndiaHandmade,https://www.indiahandmade.com/catalog/product/view/id/16596/s/handcrafted-block-printed-bottle-bag-eco-friendly-reusable-wine-toteperfect-for-gifting-and-storage/category/473/
Handcrafted Block Printed Cotton Bottle Bag | Reusable | Maroon,220.0,,cotton,,bottle,Handicrafts- Stone & Marble,Uttar Pradesh,Agra,Secondary,handicraft,No,0.2477,False,False,14.86,unmatched,low evidence,IndiaHandmade,https://www.indiahandmade.com/catalog/product/view/id/16599/s/del77353668/category/473/
Handcrafted Block Printed Cotton Bottle Bag | Reusable | Green,220.0,,cotton,,bottle,Handicrafts- Stone & Marble,Uttar Pradesh,Agra,Secondary,handicraft,No,0.27,False,False,16.2,unmatched,low evidence,IndiaHandmade,https://www.indiahandmade.com/catalog/product/view/id/16602/s/del20498056/category/473/
Handcrafted Block Printed Cotton Bottle Bag | Reusable | Magenta Pink,220.0,,cotton,,bottle,Handicrafts (Stone Carving),Odisha,Khurda,Secondary,handicraft,No,0.2364,False,False,14.18,unmatched,low evidence,IndiaHandmade,https://www.indiahandmade.com/catalog/product/view/id/16603/s/del96542196/category/473/
Handcrafted Block Printed Cotton Bottle Bag | Reusable | Green,220.0,,cotton,,bottle,Handicrafts- Stone & Marble,Uttar Pradesh,Agra,Secondary,handicraft,No,0.27,False,False,16.2,unmatched,low evidence,IndiaHandmade,https://www.indiahandmade.com/catalog/product/view/id/16605/s/handcrafted-block-printed-bottle-bag-eco-friendly-reusable-wine-tote-perfect-for-gifting-and-storage-green-onesize/category/473/
Handcrafted Block Printed Bottle Bag | Reusable | Blue,220.0,,cotton,,bottle,Handicrafts- Stone & Marble,Uttar Pradesh,Agra,Secondary,handicraft,No,0.2889,False,False,17.33,unmatched,low evidence,IndiaHandmade,https://www.indiahandmade.com/catalog/product/view/id/16610/s/handcrafted-block-printed-bottle-bag-eco-friendly-reusable-wine-tote-perfect-for-gifting-and-storage-blue-onesize/category/473/
Leather Jumping Horse,450.0,500.0,leather,,other,Leather goods,West Bengal,Kolkata,Primary,handicraft,No,0.4088,True,False,49.53,weak,"partial product similarity, material match",IndiaHandmade,https://www.indiahandmade.com/catalog/product/view/id/16844/s/leather-jumping-horse/category/473/
Handmade Crochet Floral Granny Stylish Utility Square Mobile Pouch with Sling,299.0,599.0,,,other,Handicrafts- Stone & Marble,Uttar Pradesh,Agra,Secondary,handicraft,No,0.1952,False,False,11.71,unmatched,low evidence,IndiaHandmade,https://www.indiahandmade.com/catalog/product/view/id/16978/s/stylish-utility-pouch-with-tulsi-beads-handcrafted-cotton-thread-mobile-pouch/category/473/
shyamal top earring,50.0,55.0,,,other,Stone Carving,Odisha,Jajpur,Primary,handicraft,No,0.225,False,False,13.5,unmatched,low evidence,IndiaHandmade,https://www.indiahandmade.com/shyamal-top-earring-online.html
Trendy Silk Oxidised Peacock Jhumka Earrings - Yellow,350.0,698.0,silk,,earrings,Silk Carpet (Hand Knotted Carpet),Jammu and Kashmir,Srinagar,Primary,handicraft,Yes,0.1673,True,False,35.04,unmatched,material match,IndiaHandmade,https://www.indiahandmade.com/catalog/product/view/id/18963/s/trendy-silk-oxidised-peacock-jhumka-earrings-yellow/category/473/
Gold Tone String Wire | Green Lotus Pendants,249.0,300.0,stone,,other,Allagadda Stone Carving,Andhra Pradesh,Nandyal,Tertiary,handicraft,Yes,0.1477,True,False,33.86,unmatched,material match,IndiaHandmade,https://www.indiahandmade.com/catalog/product/view/id/19217/s/in-nl-lotus-02/category/473/
Gold Tone String Wire | Lilac Studded Stones,350.0,400.0,stone,,other,Agates Stone,Gujarat,Anand,Secondary,handicraft,Yes,0.1481,True,False,33.89,unmatched,material match,IndiaHandmade,https://www.indiahandmade.com/catalog/product/view/id/19221/s/in-nl-stone-03/category/473/
Twisted Chain Silver Hoop Earrings,399.0,699.0,,,earrings,Silver Jewellery,Tamil Nadu,Salem,Primary,handicraft,No,0.244,False,False,14.64,unmatched,low evidence,IndiaHandmade,https://www.indiahandmade.com/catalog/product/view/id/19284/s/twisted-chain-silver-hoop-earrings/category/473/
Enamel Lotus & Kundan Pearl Necklace,300.0,350.0,,,necklace,Bead Necklace,Arunachal Pradesh,Longding,Primary,handicraft,No,0.2872,False,False,17.23,unmatched,low evidence,IndiaHandmade,https://www.indiahandmade.com/catalog/product/view/id/19551/s/buy-enamel-lotus-kundan-pearl-necklace-online/category/473/
Dried Flowers & Leaves Bouquet,1100.0,,,,other,Sal leaf based products,West Bengal,Jhargram,Primary,handicraft,No,0.16,False,False,9.6,unmatched,low evidence,IndiaHandmade,https://www.indiahandmade.com/catalog/product/view/id/14741/s/dried-flowers-and-leaves-bouquet24/category/473/
Dried Flowers and Leaves Bouquet | 12X6X16 inch,1100.0,,,,other,Flute and Wooden Products,Uttar Pradesh,Pilibhit,Primary,handicraft,Yes,0.2033,False,False,12.2,unmatched,low evidence,IndiaHandmade,https://www.indiahandmade.com/catalog/product/view/id/14744/s/dried-flowers-and-leaves-bouquet24-multi/category/473/
DRIED FLOWERS AND LEAVES BOUQUET,1100.0,,,,other,Flute and Wooden Products,Uttar Pradesh,Pilibhit,Primary,handicraft,Yes,0.2528,False,False,15.17,unmatched,low evidence,IndiaHandmade,https://www.indiahandmade.com/catalog/product/view/id/14749/s/dried-flowers-and-leaves-bouquet14/category/473/
Handcrafted Leather Camel Figurine | Set of 2,700.0,800.0,leather,,other,Santiniketan Leather goods,West Bengal,Birbhum,Primary,handicraft,Yes,0.2431,True,False,39.59,unmatched,material match,IndiaHandmade,https://www.indiahandmade.com/handcrafted-leather-camel-figurine-set-of-2.html
Cane & Bamboo Baby Chair,1300.0,1350.0,bamboo,Uttar Pradesh,chair,Bamboo Products,Uttar Pradesh,Bareilly,Secondary,handicraft,Yes,0.2978,True,True,57.87,weak,"material match, state match",IndiaHandmade,https://www.indiahandmade.com/buy-cane-and-bamboo-baby-chair-online.html
Rattan and Cane Retro Sofa Set/Center Table with Glass Top | Beige | 3+2 Seater,30999.0,31999.0,cane,,sofa,Cane & Bamboo Handicrafts (Mats),Meghalaya,West Khasi Hills,Secondary,handicraft,No,0.1553,True,False,34.32,unmatched,material match,IndiaHandmade,https://www.indiahandmade.com/rattan-and-cane-retro-sofa-set-center-table-with-glass-top-beige-1-three-seater-2-one-seater.html
Bamboo 4-Seater Sofa Set with Cushions,20000.0,21500.0,bamboo,,sofa,Bamboo Art,Bihar,Madhepura,Primary,handicraft,No,0.225,True,False,38.5,unmatched,material match,IndiaHandmade,https://www.indiahandmade.com/buy-bamboo-4-seater-sofa-set-with-cushions-online.html
Ratan Bamboo 5 Seater Sofa Pack with Cushion | Brown,22599.0,26999.0,bamboo,,sofa,Cane & Bamboo Furniture & Decorative Items,Assam,Karimganj,Secondary,handicraft,No,0.2189,True,False,38.13,unmatched,material match,IndiaHandmade,https://www.indiahandmade.com/dastkar-crafts-ratan-bamboo-5-seater-sofa-pack-with-cushion-brown.html
Cane Sofa Set with Sectional Cushions,19999.0,22599.0,bamboo,Uttar Pradesh,sofa,Bamboo Products,Uttar Pradesh,Bareilly,Secondary,handicraft,Yes,0.0784,True,True,44.71,unmatched,"material match, state match",IndiaHandmade,https://www.indiahandmade.com/buy-cane-sofa-set-with-sectional-cushions-online.html
Cane & Bamboo 4-Seater Dining Table Set,19999.0,25999.0,bamboo,Uttar Pradesh,table,Bamboo Products,Uttar Pradesh,Bareilly,Secondary,handicraft,Yes,0.2005,True,True,52.03,weak,"material match, state match",IndiaHandmade,https://www.indiahandmade.com/buy-cane-bamboo-6-seater-dining-table-set-online.html
Bamboo Wooden Wall Hanging Flower Vases | Trapezoid 3D Shape | Pack of 3,499.0,999.0,bamboo,,wall hanging,Wood and Bamboo based Handicraft Items,Tripura,Sepahijala,Secondary,handicraft,No,0.2058,True,False,37.35,unmatched,material match,IndiaHandmade,https://www.indiahandmade.com/dastkar-crafts-bamboo-wooden-wall-hanging-flower-vases-trapezoid-3d-shape-pack-of-3.html
Handmade ladies Bag- Regular Use Yellow Coloured Light Weight,1599.0,,,,bag,Handmade Paper Art,Uttar Pradesh,Jalaun,Primary,handicraft,Yes,0.2204,False,False,13.22,unmatched,low evidence,IndiaHandmade,https://www.indiahandmade.com/catalog/product/view/id/11211/s/handmade-ladies-bag-regular-use-yellow-coloured-light-weight/category/473/
Antique Metal Hanging Tealight Holder/Lantern,200.0,400.0,metal,Haryana,other,Metal Handicraft,Uttar Pradesh,Aligarh,Secondary,handicraft,No,0.23,True,False,38.8,unmatched,material match,IndiaHandmade,https://www.indiahandmade.com/catalog/product/view/id/16350/s/buy-antique-metal-hanging-tealight-holder-lantern-online/category/473/
Bamboo & Cane Rattan Swing Chair without Cushion and Rope,4999.0,6999.0,bamboo,Uttar Pradesh,swing,Bamboo Products,Uttar Pradesh,Bareilly,Secondary,handicraft,Yes,0.1741,True,True,50.45,weak,"material match, state match",IndiaHandmade,https://www.indiahandmade.com/buy-bamboo-cane-rattan-swing-chair-online.html
Handmade Terracotta Sparrow Flout,1600.0,,terracotta,,other,Terracotta Craft,West Bengal,Bankura,Primary,handicraft,Yes,0.3396,True,False,45.38,weak,"partial product similarity, material match",IndiaHandmade,https://www.indiahandmade.com/catalog/product/view/id/11930/s/sparrow-flout/category/473/
Embroidery Hoop Art | Floral Pattern,900.0,,,,other,Hand Embroidery,Bihar,Buxar,Tertiary,handicraft,No,0.2633,False,False,15.8,unmatched,low evidence,IndiaHandmade,https://www.indiahandmade.com/catalog/product/view/id/5129/s/embroidery-hoop/category/473/
Cane & Bamboo Outdoor Jhula,2450.0,2500.0,bamboo,Uttar Pradesh,other,Bamboo Products,Uttar Pradesh,Bareilly,Secondary,handicraft,Yes,0.3251,True,True,59.51,weak,"partial product similarity, material match, state match",IndiaHandmade,https://www.indiahandmade.com/buy-cane-bamboo-outdoor-jhula-online.html
Handcrafted Beaded Pure Cotton Potli | White,600.0,,cotton,,other,Handicrafts (Pattachitra),Odisha,Khurda,Tertiary,handicraft,Yes,0.3016,False,False,18.1,unmatched,partial product similarity,IndiaHandmade,https://www.indiahandmade.com/buy-handcrafted-beaded-pure-cotton-potli-white.html
Handcrafted Metal Flower Planter | 50x50x50 cm,490.0,980.0,,,planter,Metal Handicraft,Uttar Pradesh,Aligarh,Secondary,handicraft,No,0.3356,False,False,20.14,unmatched,partial product similarity,IndiaHandmade,https://www.indiahandmade.com/catalog/product/view/id/16313/s/buy-handcrafted-metal-flower-planter-50x50x50-cm/category/473/
Handcrafted Block Printed Cotton Bottle Bag | Reusable | Beige,220.0,,cotton,,bottle,Handicrafts- Stone & Marble,Uttar Pradesh,Agra,Secondary,handicraft,No,0.27,False,False,16.2,unmatched,low evidence,IndiaHandmade,https://www.indiahandmade.com/catalog/product/view/id/16601/s/del98242326/category/473/
Handcrafted Block Printed Cotton Bottle Bag | Reusable | Rust,220.0,,cotton,,bottle,Handicrafts- Stone & Marble,Uttar Pradesh,Agra,Secondary,handicraft,No,0.2727,False,False,16.36,unmatched,low evidence,IndiaHandmade,https://www.indiahandmade.com/catalog/product/view/id/16609/s/handcrafted-block-printed-bottle-bag-eco-friendly-reusable-wine-tote-perfect-for-gifting-and-storage-rust-onesize/category/473/
Bamboo Bottle Lite,750.0,1499.0,bamboo,,bottle,Bamboo,Jharkhand,Dumka,Primary,handicraft,No,0.4,True,False,49.0,weak,"partial product similarity, material match",IndiaHandmade,https://www.indiahandmade.com/catalog/product/view/id/16715/s/bamboo-bottle-lite/category/473/
Handmade Leather Trunk Up Elephant,500.0,1000.0,leather,,other,Leather Puppets,Andhra Pradesh,Palnadu (Narasaraopeta),Tertiary,handicraft,Yes,0.2882,True,False,42.29,unmatched,material match,IndiaHandmade,https://www.indiahandmade.com/catalog/product/view/id/17160/s/leather-elephant-trunk-up/category/473/
Handcrafted Wooden Partition Screen,16500.0,18500.0,wood,Uttar Pradesh,other,Saharanpur Wood Craft,Uttar Pradesh,Saharanpur,Primary,handicraft,Yes,0.2811,True,True,56.87,weak,"material match, state match",IndiaHandmade,https://www.indiahandmade.com/catalog/product/view/id/17186/s/handcrafted-wooden-partition-screen-for-sale/category/473/
Handmade Side Stool with Wheels,1599.0,1900.0,wood,Uttar Pradesh,stool,Saharanpur Wood Craft,Uttar Pradesh,Saharanpur,Primary,handicraft,Yes,0.1333,True,True,48.0,weak,"material match, state match",IndiaHandmade,https://www.indiahandmade.com/catalog/product/view/id/17237/s/buy-handmade-side-stool-with-wheels-online/category/473/
Ashtray with cigarette keeper,549.0,999.0,,,tray,"Applique Work along with Patch Work,Zari Patch work, and Mentha",Uttar Pradesh,Rampur,Primary,handicraft,Yes,0.1776,False,False,10.66,unmatched,low evidence,IndiaHandmade,https://www.indiahandmade.com/catalog/product/view/id/17536/s/ashtray-with-cigarette-keeper/category/473/
Handmade Yellow Fabric Jewellery Set,350.0,450.0,,,other,Sambalpuri Fabric Jewellery,Odisha,Sambalpur,Tertiary,handicraft,No,0.4338,False,False,26.03,unmatched,partial product similarity,IndiaHandmade,https://www.indiahandmade.com/catalog/product/view/id/17543/s/buy-handmade-yellow-fabric-jewellery-set-online/category/473/
Hand-Painted Tribal Paintings Necklace & Earrings Set | Multi Colour,450.0,500.0,,,necklace,Cheriyal Paintings,Telangana,Siddipet,Secondary,handicraft,Yes,0.2161,False,False,12.97,unmatched,low evidence,IndiaHandmade,https://www.indiahandmade.com/catalog/product/view/id/17545/s/stunning-hand-painted-eco-friendly-jewelry-set-lightweight-tribal-paintings-necklace-earrings-set/category/473/
Crochet Dangler Earrings | Orange,199.0,398.0,,,earrings,Crochet Lace,Andhra Pradesh,West Godavari District,Tertiary,handicraft,No,0.306,False,False,18.36,unmatched,partial product similarity,IndiaHandmade,https://www.indiahandmade.com/catalog/product/view/id/17902/s/order-crochet-shell-dangler-earrings-for-women-in-pink-online/category/473/
Beaded Napkin Rings | Set of 12,600.0,1200.0,beads,Haryana,other,The Glass Beads,Andhra Pradesh,Chittoor,Tertiary,handicraft,No,0.0909,True,False,30.45,unmatched,material match,IndiaHandmade,https://www.indiahandmade.com/catalog/product/view/id/18025/s/buy-beaded-napkin-rings-for-napkin-holding-online/category/473/
Leather Giraffe for Home Decoration,700.0,800.0,leather,,other,Leather Products,Tamil Nadu,Ranipet,Primary,handicraft,Yes,0.308,True,False,43.48,unmatched,"partial product similarity, material match",IndiaHandmade,https://www.indiahandmade.com/catalog/product/view/id/15136/s/zeraf/category/473/
Silk Thread Bangles | Magenta | 2*6,130.0,150.0,silk,Tamil Nadu,other,Salem Silk,Tamil Nadu,Salem,Secondary,handicraft,Yes,0.1638,True,True,49.83,weak,"material match, state match",IndiaHandmade,https://www.indiahandmade.com/catalog/product/view/id/18886/s/buy-handmade-silk-thread-bangles-pair-in-magenta-pink-online/category/473/
Silk Thread Bangles | Pink | 2*8,250.0,300.0,silk,,other,Silk Carpet (Hand Knotted Carpet),Jammu and Kashmir,Srinagar,Primary,handicraft,Yes,0.2294,True,False,38.76,unmatched,material match,IndiaHandmade,https://www.indiahandmade.com/catalog/product/view/id/18969/s/buy-handmade-silk-thread-bangles-in-fluorescent-pink-online/category/473/
IN NL Lakshmi Green 001,349.0,420.0,stone,,other,Stone Art,Bihar,Gaya,Primary,handicraft,No,0.1,True,False,31.0,unmatched,material match,IndiaHandmade,https://www.indiahandmade.com/catalog/product/view/id/19216/s/in-nl-lakshmi-green-001/category/473/
Steel & Copper Dinner Thali Set for 2,5000.0,10000.0,copper,,other,Copper based Products,Uttarakhand,Bageshwar,Primary,handicraft,No,0.2267,True,False,38.6,unmatched,material match,IndiaHandmade,https://www.indiahandmade.com/catalog/product/view/id/15547/s/buy-steel-copper-dinner-thali-set-for-2/category/473/
