Product,Actual Price,Predicted With MRP,Predicted Without MRP
Bamboo 4-Seater Sofa Set with Cushions,20000.0,21364.03,24947.94
Handcrafted Block Printed Bottle Bag  Eco Friendly Reusable Wine TotePerfect for Gifting and Storage,220.0,242.15,636.97
DRIED FLOWERS AND LEAVES BOUQUET,1100.0,764.86,512.02
Trendy Silk Oxidised Peacock Jhumka Earrings - White,349.0,338.49,418.59
Handcrafted Wooden Side Tables | Set of 2,4300.0,3659.54,4816.04
Trendy Silk Oxidised Peacock Jhumka Earrings - Purple,350.0,338.49,408.22
Crochet Dangler Earrings | Orange,199.0,257.36,415.57
Prisha India Craft Pure Copper Jug Capacity 1300 ML with 4 Pure Copper Glass,4000.0,2921.73,1336.28
Cane Rocking Chair with Cushion,5550.0,4818.03,4962.56
Cane & Bamboo Outdoor Jhula,2450.0,2119.98,1213.57
Bottle cover-Onesize-Mustard,220.0,522.66,512.02
Handcrafted Silk Thread Bangles | Set of 2 | Gold,240.0,751.65,3787.02
Prisha India Craft Premium Peg Measurer Jigger,340.0,346.69,512.02
Handmade Wooden Musical Flute,300.0,2366.67,15680.6
Jute Applique Handwork Bag,349.0,373.78,542.53
Silk Thread Bangles | 2*6 | Turquoise,300.0,264.88,475.51
Handcrafted Leather Camel Figurine | Set of 2,700.0,846.92,2565.82
Handcrafted Wooden Partition Screen,16500.0,15975.6,9911.55
Handcrafted Wooden Partition Screen,16500.0,15975.6,9911.55
Terracotta Water Bottle with Floral Painting,420.0,1174.3,761.35
Handmade Cane Rattan Magazine Shelf,2500.0,2704.46,3062.98
Handcrafted Metal Flower Planter | 50x50x50 cm,490.0,485.55,422.04
SHEESHAM WOOD SIDE TABLE,17500.0,14199.88,691.74
Lotus Minimalistic Necklace | Green,300.0,257.36,478.96
Handcrafted Silk Thread Bangles | Turquoise,300.0,248.5,333.86
Handmade Yellow Fabric Jewellery Set,350.0,406.93,929.74
Handcrafted Block Printed Bottle Bag  Eco Friendly Reusable Wine Tote Perfect for Gifting and Storage-Pink-Onesize,220.0,242.15,636.97
Silk Thread Bangles | Magenta Pink & Blue | 2*6,1200.0,1249.89,835.51
Rattan and Cane Retro Sofa Set/Center Table with Glass Top | Beige | 3+2 Seater,30999.0,28603.68,30274.34
Silk Thread Bangles | Magenta | 2*6,130.0,192.22,475.51
Bamboo Wooden Wall Hanging Flower Vases | Trapezoid 3D Shape | Pack of 3,499.0,1070.65,2339.59
Bamboo Cane Sofa with Round Cushion for Home & Office | Outdoor Indoor Furniture,28599.0,29754.14,23937.19
Embroidery and Mirror Work Cushion Cover | Green,500.0,642.7,512.02
